event_date,model,date_mean_brier,date_mean_log_score
2026-04-26,catboost_selected,0.024190019687950107,0.09881989285515709
2026-04-26,ecmwf_bias_adaptive_sigma,0.08625938810124242,0.24988530104356574
2026-04-26,ecmwf_bias_fixed_sigma,0.0736979115234102,0.23428267387159873
2026-04-26,ecmwf_raw,0.09930761154125761,0.37694365890498244
2026-04-26,market,0.04601120454545455,0.15258294296837546
2026-04-27,catboost_selected,0.0794260505106282,0.2164421553851571
2026-04-27,ecmwf_bias_adaptive_sigma,0.04773475888477017,0.15120734663502744
2026-04-27,ecmwf_bias_fixed_sigma,0.061795903729344494,0.19907017376508335
2026-04-27,ecmwf_raw,0.07608070429489927,0.24294889964591182
2026-04-27,market,0.0695077215909091,0.1961581035349911
2026-04-28,catboost_selected,0.09308080752094133,0.2632656872551022
2026-04-28,ecmwf_bias_adaptive_sigma,0.09069715400711,0.32056177120679846
2026-04-28,ecmwf_bias_fixed_sigma,0.07829464444942164,0.2577712740799515
2026-04-28,ecmwf_raw,0.10069738512538845,0.4200513129675585
2026-04-28,market,0.10213996590909091,0.3091693129122614
2026-04-29,catboost_selected,0.12577054765339216,0.35567800383128106
2026-04-29,ecmwf_bias_adaptive_sigma,0.07527284744901466,0.22677685443255208
2026-04-29,ecmwf_bias_fixed_sigma,0.07372715350198408,0.23047988109878445
2026-04-29,ecmwf_raw,0.09425393194164228,0.3593768006636012
2026-04-29,market,0.1019757840909091,0.31303925278266215
2026-04-30,catboost_selected,0.02506851590187755,0.07393356456523727
2026-04-30,ecmwf_bias_adaptive_sigma,0.0009593941743549658,0.012146557306660085
2026-04-30,ecmwf_bias_fixed_sigma,0.0039009698445279946,0.03162462572553515
2026-04-30,ecmwf_raw,0.03687462815496678,0.12778685461794295
2026-04-30,market,0.009230606060606062,0.05001547375715746
2026-05-01,catboost_selected,0.027713359463532004,0.09715717246567822
2026-05-01,ecmwf_bias_adaptive_sigma,0.07763514880834356,0.2292564142015248
2026-05-01,ecmwf_bias_fixed_sigma,0.07126089330156415,0.22744016686058996
2026-05-01,ecmwf_raw,0.09828878173555503,0.3730719037404896
2026-05-01,market,0.045573448863636366,0.14880730128652372
2026-05-02,catboost_selected,0.09934583676097432,0.2956530396150563
2026-05-02,ecmwf_bias_adaptive_sigma,0.0853775262651575,0.2517536557101325
2026-05-02,ecmwf_bias_fixed_sigma,0.07489495591742269,0.2384486181219979
2026-05-02,ecmwf_raw,0.06261106674113602,0.20167087072297535
2026-05-02,market,0.08175953977272726,0.2425042189108029
2026-05-03,catboost_selected,0.07002290019271294,0.1918210433105094
2026-05-03,ecmwf_bias_adaptive_sigma,0.07507481382002144,0.21400599547849578
2026-05-03,ecmwf_bias_fixed_sigma,0.07721779180339725,0.22817763470317828
2026-05-03,ecmwf_raw,0.06693353346124262,0.21382249494419495
2026-05-03,market,0.04901721590909091,0.15337262964112686
2026-05-04,catboost_selected,0.002868147013743015,0.025735369805005372
2026-05-04,ecmwf_bias_adaptive_sigma,0.0014659569583765372,0.014246891874594781
2026-05-04,ecmwf_bias_fixed_sigma,0.004294706597158366,0.03242698332859138
2026-05-04,ecmwf_raw,0.04036756171111658,0.13707699276323526
2026-05-04,market,0.026144460227272726,0.09481290260931408
2026-05-05,catboost_selected,0.11633238059796454,0.5363157492863039
2026-05-05,ecmwf_bias_adaptive_sigma,0.0599241922516079,0.18670996984457308
2026-05-05,ecmwf_bias_fixed_sigma,0.06551388410223807,0.21092652158891664
2026-05-05,ecmwf_raw,0.0733975836272423,0.23602540307451905
2026-05-05,market,0.09941864204545454,0.3198480443861435
2026-05-06,catboost_selected,0.11514896055339571,0.7216740577141074
2026-05-06,ecmwf_bias_adaptive_sigma,0.10694344971926886,0.41606719143911236
2026-05-06,ecmwf_bias_fixed_sigma,0.09055252032155028,0.31120720545075176
2026-05-06,ecmwf_raw,0.06395784777826942,0.20554907264687175
2026-05-06,market,0.11665942424242426,0.4965766936694358
2026-05-07,catboost_selected,0.09964043517130117,0.29252909021635004
2026-05-07,ecmwf_bias_adaptive_sigma,0.09673156392763062,0.31784927347923414
2026-05-07,ecmwf_bias_fixed_sigma,0.08236428706252069,0.27136578713295534
2026-05-07,ecmwf_raw,0.10318826788012699,0.45759223136451505
2026-05-07,market,0.08253882386363637,0.26048331272040065
2026-05-08,catboost_selected,0.08492435550997407,0.27672525085151756
2026-05-08,ecmwf_bias_adaptive_sigma,0.06010047257893607,0.1813459164513305
2026-05-08,ecmwf_bias_fixed_sigma,0.06833370823550831,0.21073454281102172
2026-05-08,ecmwf_raw,0.09101367393512598,0.3163078979104161
2026-05-08,market,0.10592814204545455,0.35491141429415696
2026-05-09,catboost_selected,0.07519643576047114,0.2326343518738221
2026-05-09,ecmwf_bias_adaptive_sigma,0.06613932641659537,0.20732215865417203
2026-05-09,ecmwf_bias_fixed_sigma,0.07043317834314482,0.22049334941581025
2026-05-09,ecmwf_raw,0.09277090067132726,0.3363205530270244
2026-05-09,market,0.039314528409090915,0.1302120699422438
2026-05-10,catboost_selected,0.08190295493148471,0.2755047407879087
2026-05-10,ecmwf_bias_adaptive_sigma,0.04907500147076283,0.15778012976544548
2026-05-10,ecmwf_bias_fixed_sigma,0.06109559381649923,0.19728097637983383
2026-05-10,ecmwf_raw,0.07743299956604481,0.24724282935068065
2026-05-10,market,0.0752788465909091,0.21838447613767106
2026-05-11,catboost_selected,0.07989017271546774,0.24713355698042686
2026-05-11,ecmwf_bias_adaptive_sigma,0.04958116006929653,0.15871140793387295
2026-05-11,ecmwf_bias_fixed_sigma,0.06172288757480826,0.1979817058758593
2026-05-11,ecmwf_raw,0.08665056105776561,0.28580709703031887
2026-05-11,market,0.050531625,0.16337957319933988
2026-05-12,catboost_selected,0.06868126852735136,0.2159960168981513
2026-05-12,ecmwf_bias_adaptive_sigma,0.06296489994037681,0.18553673775423582
2026-05-12,ecmwf_bias_fixed_sigma,0.04855873180624633,0.15739660724497226
2026-05-12,ecmwf_raw,0.0952239819293475,0.33755279924256915
2026-05-12,market,0.08472346022727273,0.25015536117059595
2026-05-13,catboost_selected,0.034918524025363225,0.12684830578191536
2026-05-13,ecmwf_bias_adaptive_sigma,0.08237872306171469,0.24196736865747004
2026-05-13,ecmwf_bias_fixed_sigma,0.06166439665215515,0.19254923073239405
2026-05-13,ecmwf_raw,0.10010657048742001,0.386367269182762
2026-05-13,market,0.05439345454545454,0.1776923336266324
2026-05-14,catboost_selected,0.07780746319113606,0.2438343622075611
2026-05-14,ecmwf_bias_adaptive_sigma,0.04914195297178125,0.15708590128771496
2026-05-14,ecmwf_bias_fixed_sigma,0.0616782659551874,0.19805376604536118
2026-05-14,ecmwf_raw,0.08752561076442857,0.2900995951700858
2026-05-14,market,0.06132556250000001,0.18579440650492363
2026-05-15,catboost_selected,0.10885943820546493,0.3040875185165992
2026-05-15,ecmwf_bias_adaptive_sigma,0.12579870127292594,0.41439394771528537
2026-05-15,ecmwf_bias_fixed_sigma,0.11205428818989796,0.3277253746718908
2026-05-15,ecmwf_raw,0.06653634308855536,0.2066977539264433
2026-05-15,market,0.08435542613636364,0.2379477583185088
2026-05-16,catboost_selected,0.10192855707898986,0.3694798174293082
2026-05-16,ecmwf_bias_adaptive_sigma,0.08275717560831919,0.251474370339215
2026-05-16,ecmwf_bias_fixed_sigma,0.07505337097544544,0.23976046220083785
2026-05-16,ecmwf_raw,0.06344000038252198,0.20414239132574938
2026-05-16,market,0.10542168181818182,0.35028829456428695
2026-05-21,catboost_selected,0.0761043486023858,0.2583705343248819
2026-05-21,ecmwf_bias_adaptive_sigma,0.09739197647996833,0.3436127626115549
2026-05-21,ecmwf_bias_fixed_sigma,0.08588418950606262,0.28883825752771913
2026-05-21,ecmwf_raw,0.1033001761221683,0.4762274916983169
2026-05-21,market,0.09607496212121212,0.3338789918761457
