decision_rule,max_staleness_hours,mean_net_pnl_per_active_book,mean_net_pnl_per_trade,model,n_active_books,n_books,n_dates,n_opportunities,n_positions,n_trades,pipeline,positive_book_rate,positive_trade_rate,robustness_cost,robustness_scope,staleness_quantile,staleness_rule,strategy,threshold,total_net_pnl,unrestricted_staleness
12h_prior,0.9980555555555556,,0.1222777777777777,ecmwf_bias_fixed_sigma,,,7,110.0,,18.0,21a,,0.5,0.01,standalone_model_by_decision_rule_by_strategy,0.5,empirical_q50,binary_contract_edge,0.05,2.201,False
12h_prior,0.9980555555555556,,0.0965,ecmwf_bias_adaptive_sigma,,,8,110.0,,20.0,21a,,0.5,0.01,standalone_model_by_decision_rule_by_strategy,0.5,empirical_q50,binary_contract_edge,0.05,1.93,False
24h_prior,0.9980555555555556,,0.1,ecmwf_bias_adaptive_sigma,,,7,110.0,,17.0,21a,,0.5882352941176471,0.01,standalone_model_by_decision_rule_by_strategy,0.5,empirical_q50,binary_contract_edge,0.05,1.7,False
event_day_open,0.9980555555555556,,0.0493035714285714,ecmwf_bias_fixed_sigma,,,9,110.0,,28.0,21a,,0.2857142857142857,0.01,standalone_model_by_decision_rule_by_strategy,0.5,empirical_q50,binary_contract_edge,0.05,1.3804999999999998,False
24h_prior,0.9980555555555556,,0.0953214285714285,ecmwf_bias_fixed_sigma,,,8,110.0,,14.0,21a,,0.5714285714285714,0.01,standalone_model_by_decision_rule_by_strategy,0.5,empirical_q50,binary_contract_edge,0.05,1.3345,False
12h_prior,0.9980555555555556,0.1735714285714285,,ecmwf_bias_fixed_sigma,7.0,10.0,7,,7.0,,21b,0.4285714285714285,,0.01,standalone_model_by_decision_rule_by_strategy,0.5,empirical_q50,single_best_edge,0.05,1.215,False
event_day_open,0.9980555555555556,,0.0365869565217391,ecmwf_bias_adaptive_sigma,,,9,110.0,,23.0,21a,,0.3043478260869565,0.01,standalone_model_by_decision_rule_by_strategy,0.5,empirical_q50,binary_contract_edge,0.05,0.8414999999999999,False
6h_prior,0.9980555555555556,,0.0423947368421052,ecmwf_bias_adaptive_sigma,,,7,110.0,,19.0,21a,,0.3684210526315789,0.01,standalone_model_by_decision_rule_by_strategy,0.5,empirical_q50,binary_contract_edge,0.05,0.8054999999999998,False
24h_prior,0.9980555555555556,0.1995376994688169,,ecmwf_bias_fixed_sigma,4.0,10.0,4,,5.0,,21b,0.5,,0.01,standalone_model_by_decision_rule_by_strategy,0.5,empirical_q50,proportional_positive_edge,0.05,0.7981507978752678,False
24h_prior,0.9980555555555556,0.1925,,ecmwf_bias_fixed_sigma,4.0,10.0,4,,4.0,,21b,0.5,,0.01,standalone_model_by_decision_rule_by_strategy,0.5,empirical_q50,single_best_edge,0.05,0.77,False
12h_prior,0.9980555555555556,0.0906249999999999,,ecmwf_bias_adaptive_sigma,8.0,10.0,8,,8.0,,21b,0.375,,0.01,standalone_model_by_decision_rule_by_strategy,0.5,empirical_q50,single_best_edge,0.05,0.7249999999999999,False
12h_prior,0.9980555555555556,0.1143897946359114,,ecmwf_bias_fixed_sigma,6.0,10.0,6,,11.0,,21b,0.5,,0.01,standalone_model_by_decision_rule_by_strategy,0.5,empirical_q50,proportional_positive_edge,0.05,0.686338767815469,False
event_day_open,0.9980555555555556,,0.0226999999999999,ecmwf_raw,,,9,110.0,,30.0,21a,,0.2666666666666666,0.01,standalone_model_by_decision_rule_by_strategy,0.5,empirical_q50,binary_contract_edge,0.05,0.6809999999999998,False
6h_prior,0.9980555555555556,,0.0309499999999999,ecmwf_bias_fixed_sigma,,,6,110.0,,20.0,21a,,0.25,0.01,standalone_model_by_decision_rule_by_strategy,0.5,empirical_q50,binary_contract_edge,0.05,0.619,False
6h_prior,0.9980555555555556,0.1207999999999999,,ecmwf_bias_fixed_sigma,5.0,10.0,5,,5.0,,21b,0.2,,0.01,standalone_model_by_decision_rule_by_strategy,0.5,empirical_q50,single_best_edge,0.05,0.6040000000000001,False
6h_prior,0.9980555555555556,,0.018,ecmwf_raw,,,7,110.0,,30.0,21a,,0.2,0.01,standalone_model_by_decision_rule_by_strategy,0.5,empirical_q50,binary_contract_edge,0.05,0.5399999999999999,False
24h_prior,0.9980555555555556,0.0700656998151843,,ecmwf_bias_adaptive_sigma,7.0,10.0,7,,9.0,,21b,0.4285714285714285,,0.01,standalone_model_by_decision_rule_by_strategy,0.5,empirical_q50,proportional_positive_edge,0.05,0.4904598987062906,False
6h_prior,0.9980555555555556,0.0599999999999999,,ecmwf_bias_adaptive_sigma,7.0,10.0,7,,7.0,,21b,0.2857142857142857,,0.01,standalone_model_by_decision_rule_by_strategy,0.5,empirical_q50,single_best_edge,0.05,0.4199999999999999,False
12h_prior,0.9980555555555556,0.0453008671031798,,ecmwf_bias_adaptive_sigma,7.0,10.0,7,,10.0,,21b,0.4285714285714285,,0.01,standalone_model_by_decision_rule_by_strategy,0.5,empirical_q50,proportional_positive_edge,0.05,0.3171060697222589,False
6h_prior,0.9980555555555556,0.0332496822906179,,ecmwf_bias_adaptive_sigma,6.0,10.0,6,,10.0,,21b,0.3333333333333333,,0.01,standalone_model_by_decision_rule_by_strategy,0.5,empirical_q50,proportional_positive_edge,0.05,0.1994980937437076,False
24h_prior,0.9980555555555556,,0.0055151515151515,ecmwf_raw,,,9,110.0,,33.0,21a,,0.3636363636363636,0.01,standalone_model_by_decision_rule_by_strategy,0.5,empirical_q50,binary_contract_edge,0.05,0.182,False
6h_prior,0.9980555555555556,0.0531995222663206,,ecmwf_bias_fixed_sigma,3.0,10.0,3,,8.0,,21b,0.3333333333333333,,0.01,standalone_model_by_decision_rule_by_strategy,0.5,empirical_q50,proportional_positive_edge,0.05,0.1595985667989619,False
24h_prior,0.9980555555555556,0.0092857142857142,,ecmwf_bias_adaptive_sigma,7.0,10.0,7,,7.0,,21b,0.2857142857142857,,0.01,standalone_model_by_decision_rule_by_strategy,0.5,empirical_q50,single_best_edge,0.05,0.0649999999999999,False
event_day_open,0.9980555555555556,0.0047857142857142,,ecmwf_bias_adaptive_sigma,7.0,10.0,7,,7.0,,21b,0.1428571428571428,,0.01,standalone_model_by_decision_rule_by_strategy,0.5,empirical_q50,single_best_edge,0.05,0.0334999999999998,False
event_day_open,0.9980555555555556,-0.0034494806499792,,ecmwf_bias_adaptive_sigma,7.0,10.0,7,,13.0,,21b,0.2857142857142857,,0.01,standalone_model_by_decision_rule_by_strategy,0.5,empirical_q50,proportional_positive_edge,0.05,-0.0241463645498549,False
24h_prior,0.9980555555555556,-0.0218480470181515,,ecmwf_raw,2.0,10.0,2,,7.0,,21b,0.5,,0.01,standalone_model_by_decision_rule_by_strategy,0.5,empirical_q50,proportional_positive_edge,0.05,-0.0436960940363031,False
event_day_open,0.9980555555555556,-0.0564602879199615,,ecmwf_raw,1.0,10.0,1,,4.0,,21b,0.0,,0.01,standalone_model_by_decision_rule_by_strategy,0.5,empirical_q50,proportional_positive_edge,0.05,-0.0564602879199615,False
24h_prior,0.9980555555555556,-0.0765814490557516,,catboost_platt,1.0,10.0,1,,2.0,,21b,0.0,,0.01,standalone_model_by_decision_rule_by_strategy,0.5,empirical_q50,proportional_positive_edge,0.05,-0.0765814490557516,False
6h_prior,0.9980555555555556,-0.034911725622876,,ecmwf_raw,3.0,10.0,3,,13.0,,21b,0.3333333333333333,,0.01,standalone_model_by_decision_rule_by_strategy,0.5,empirical_q50,proportional_positive_edge,0.05,-0.1047351768686281,False
event_day_open,0.9980555555555556,-0.0211,,ecmwf_raw,5.0,10.0,5,,5.0,,21b,0.0,,0.01,standalone_model_by_decision_rule_by_strategy,0.5,empirical_q50,single_best_edge,0.05,-0.1055,False
12h_prior,0.9980555555555556,-0.0586285571928199,,ecmwf_raw,2.0,10.0,2,,9.0,,21b,0.0,,0.01,standalone_model_by_decision_rule_by_strategy,0.5,empirical_q50,proportional_positive_edge,0.05,-0.1172571143856398,False
24h_prior,0.9980555555555556,-0.0725,,catboost_platt,2.0,10.0,2,,2.0,,21b,0.0,,0.01,standalone_model_by_decision_rule_by_strategy,0.5,empirical_q50,single_best_edge,0.05,-0.145,False
event_day_open,0.9980555555555556,-0.0439098700805802,,ecmwf_bias_fixed_sigma,4.0,10.0,4,,11.0,,21b,0.25,,0.01,standalone_model_by_decision_rule_by_strategy,0.5,empirical_q50,proportional_positive_edge,0.05,-0.175639480322321,False
6h_prior,0.9980555555555556,-0.03275,,ecmwf_raw,6.0,10.0,6,,6.0,,21b,0.0,,0.01,standalone_model_by_decision_rule_by_strategy,0.5,empirical_q50,single_best_edge,0.05,-0.1965,False
12h_prior,0.9980555555555556,-0.0514,,ecmwf_raw,5.0,10.0,5,,5.0,,21b,0.0,,0.01,standalone_model_by_decision_rule_by_strategy,0.5,empirical_q50,single_best_edge,0.05,-0.257,False
24h_prior,0.9980555555555556,-0.055,,catboost_raw,5.0,10.0,5,,5.0,,21b,0.2,,0.01,standalone_model_by_decision_rule_by_strategy,0.5,empirical_q50,single_best_edge,0.05,-0.275,False
24h_prior,0.9980555555555556,-0.0650833333333333,,ecmwf_raw,6.0,10.0,6,,6.0,,21b,0.0,,0.01,standalone_model_by_decision_rule_by_strategy,0.5,empirical_q50,single_best_edge,0.05,-0.3905,False
6h_prior,0.9980555555555556,-0.120060258623078,,catboost_platt,4.0,10.0,4,,5.0,,21b,0.0,,0.01,standalone_model_by_decision_rule_by_strategy,0.5,empirical_q50,proportional_positive_edge,0.05,-0.4802410344923123,False
24h_prior,0.9980555555555556,-0.1201406159054902,,catboost_raw,4.0,10.0,4,,5.0,,21b,0.25,,0.01,standalone_model_by_decision_rule_by_strategy,0.5,empirical_q50,proportional_positive_edge,0.05,-0.4805624636219609,False
event_day_open,0.9980555555555556,-0.1642697761918045,,catboost_raw,3.0,10.0,3,,4.0,,21b,0.0,,0.01,standalone_model_by_decision_rule_by_strategy,0.5,empirical_q50,proportional_positive_edge,0.05,-0.4928093285754135,False
event_day_open,0.9980555555555556,-0.0759374999999999,,ecmwf_bias_fixed_sigma,8.0,10.0,8,,8.0,,21b,0.0,,0.01,standalone_model_by_decision_rule_by_strategy,0.5,empirical_q50,single_best_edge,0.05,-0.6075,False
6h_prior,0.9980555555555556,-0.1277303215350931,,catboost_raw,5.0,10.0,5,,6.0,,21b,0.0,,0.01,standalone_model_by_decision_rule_by_strategy,0.5,empirical_q50,proportional_positive_edge,0.05,-0.6386516076754657,False
event_day_open,0.9980555555555556,-0.1614279380320838,,catboost_platt,4.0,10.0,4,,5.0,,21b,0.0,,0.01,standalone_model_by_decision_rule_by_strategy,0.5,empirical_q50,proportional_positive_edge,0.05,-0.6457117521283353,False
6h_prior,0.9980555555555556,-0.136,,catboost_raw,5.0,10.0,5,,5.0,,21b,0.0,,0.01,standalone_model_by_decision_rule_by_strategy,0.5,empirical_q50,single_best_edge,0.05,-0.68,False
6h_prior,0.9980555555555556,-0.136,,catboost_platt,5.0,10.0,5,,5.0,,21b,0.0,,0.01,standalone_model_by_decision_rule_by_strategy,0.5,empirical_q50,single_best_edge,0.05,-0.68,False
event_day_open,0.9980555555555556,-0.17125,,catboost_platt,4.0,10.0,4,,4.0,,21b,0.0,,0.01,standalone_model_by_decision_rule_by_strategy,0.5,empirical_q50,single_best_edge,0.05,-0.685,False
event_day_open,0.9980555555555556,-0.17125,,catboost_raw,4.0,10.0,4,,4.0,,21b,0.0,,0.01,standalone_model_by_decision_rule_by_strategy,0.5,empirical_q50,single_best_edge,0.05,-0.685,False
12h_prior,0.9980555555555556,-0.1441158457764836,,catboost_platt,5.0,10.0,5,,7.0,,21b,0.0,,0.01,standalone_model_by_decision_rule_by_strategy,0.5,empirical_q50,proportional_positive_edge,0.05,-0.7205792288824183,False
12h_prior,0.9980555555555556,-0.148,,catboost_raw,5.0,10.0,5,,5.0,,21b,0.0,,0.01,standalone_model_by_decision_rule_by_strategy,0.5,empirical_q50,proportional_positive_edge,0.05,-0.74,False
event_day_open,0.9980555555555556,,-0.0301851851851851,catboost_platt,,,10,110.0,,27.0,21a,,0.1111111111111111,0.01,standalone_model_by_decision_rule_by_strategy,0.5,empirical_q50,binary_contract_edge,0.05,-0.815,False
12h_prior,0.9980555555555556,-0.1358333333333333,,catboost_platt,6.0,10.0,6,,6.0,,21b,0.0,,0.01,standalone_model_by_decision_rule_by_strategy,0.5,empirical_q50,single_best_edge,0.05,-0.815,False
12h_prior,0.9980555555555556,-0.1358333333333333,,catboost_raw,6.0,10.0,6,,6.0,,21b,0.0,,0.01,standalone_model_by_decision_rule_by_strategy,0.5,empirical_q50,single_best_edge,0.05,-0.815,False
event_day_open,0.9980555555555556,,-0.03312,catboost_raw,,,10,110.0,,25.0,21a,,0.2,0.01,standalone_model_by_decision_rule_by_strategy,0.5,empirical_q50,binary_contract_edge,0.05,-0.8280000000000001,False
6h_prior,0.9980555555555556,,-0.0508478260869565,catboost_platt,,,7,110.0,,23.0,21a,,0.0434782608695652,0.01,standalone_model_by_decision_rule_by_strategy,0.5,empirical_q50,binary_contract_edge,0.05,-1.1695,False
12h_prior,0.9980555555555556,,-0.0409264705882353,ecmwf_raw,,,9,110.0,,34.0,21a,,0.2647058823529412,0.01,standalone_model_by_decision_rule_by_strategy,0.5,empirical_q50,binary_contract_edge,0.05,-1.3915,False
6h_prior,0.9980555555555556,,-0.0837222222222222,catboost_raw,,,7,110.0,,18.0,21a,,0.1111111111111111,0.01,standalone_model_by_decision_rule_by_strategy,0.5,empirical_q50,binary_contract_edge,0.05,-1.507,False
24h_prior,0.9980555555555556,,-0.09896,catboost_platt,,,9,110.0,,25.0,21a,,0.12,0.01,standalone_model_by_decision_rule_by_strategy,0.5,empirical_q50,binary_contract_edge,0.05,-2.474,False
24h_prior,0.9980555555555556,,-0.0942592592592592,catboost_raw,,,9,110.0,,27.0,21a,,0.2592592592592592,0.01,standalone_model_by_decision_rule_by_strategy,0.5,empirical_q50,binary_contract_edge,0.05,-2.545000000000001,False
12h_prior,0.9980555555555556,,-0.115625,catboost_raw,,,9,110.0,,24.0,21a,,0.1666666666666666,0.01,standalone_model_by_decision_rule_by_strategy,0.5,empirical_q50,binary_contract_edge,0.05,-2.775,False
12h_prior,0.9980555555555556,,-0.1719423076923076,catboost_platt,,,9,110.0,,26.0,21a,,0.0384615384615384,0.01,standalone_model_by_decision_rule_by_strategy,0.5,empirical_q50,binary_contract_edge,0.05,-4.4705,False
