target_date,source_contract_id,event_label,source_event_type,lower_bound_c,upper_bound_c,event_type,observed_temperature_c,provided_outcome,contract_key,derived_outcome,realised_yes,decision_rule,forecast_daily_max_c,gp_temperature_mean_c,gp_temperature_std_c,gp_event_probability,sample_period,binary_brier,binary_log,source_contract_id_normalised,contract_key_normalised,event_label_normalised,lower_key,upper_key,market_probability_raw,market_probability_mass_raw,market_probability_normalised,gp_binary_brier,market_binary_brier_raw,market_binary_brier_normalised,gp_binary_log,market_binary_log_raw,market_binary_log_normalised,gross_value_gap,event_type_attribution,observed_temperature_attribution_c,temperature_bucket,evaluated_threshold,transaction_cost_per_share,trade_executed,gross_pnl,transaction_cost,net_pnl,capital_committed,winning_trade,losing_trade
2026-03-22,,Will the highest temperature in Hong Kong be 25°C on March 22?,interior,25.0,26.0,interior,25.4,,2026-03-22|25.0|26.0,1.0,1.0,event_day_open,24.4,25.42076487011419,1.2695204203720698,0.3057419896137552,weather_plus_market_training,0.4819941849854672,1.1850137038954087,,2026-03-22|25.0|26.0,will the highest temperature in hong kong be 25°c on march 22?,25.0,26.0,0.215,1.152,0.1866319444444444,0.4819941849854672,0.616225,0.6615675937982254,1.1850137038954087,1.5371172508544744,1.6786168131281738,0.0907419896137552,interior,25.4,cool,0.12,0.01,False,0.0,0.0,0.0,0.0,False,False
2026-03-23,,Will the highest temperature in Hong Kong be 24°C on March 23?,interior,24.0,25.0,interior,27.4,,2026-03-23|24.0|25.0,0.0,0.0,event_day_open,26.2,27.19582769745256,1.3291571893798115,0.0411631899691499,weather_plus_market_training,0.0016944082084363,0.0420343853870026,,2026-03-23|24.0|25.0,will the highest temperature in hong kong be 24°c on march 23?,24.0,25.0,0.0135,1.2955,0.0104206869934388,0.0016944082084363,0.0001822499999999,0.0001085907174152,0.0420343853870026,0.0135919535194669,0.0104753625215492,0.0276631899691499,interior,27.4,cool,0.12,0.01,False,-0.0,0.0,-0.0,0.0,False,False
2026-03-24,,Will the highest temperature in Hong Kong be 25°C on March 24?,interior,25.0,26.0,interior,26.9,,2026-03-24|25.0|26.0,0.0,0.0,event_day_open,25.4,26.412052128821184,1.3098525877189964,0.2360290689579414,weather_plus_market_training,0.0557097213931526,0.2692255389137432,,2026-03-24|25.0|26.0,will the highest temperature in hong kong be 25°c on march 24?,25.0,26.0,0.145,1.0495,0.1381610290614578,0.0557097213931526,0.021025,0.019088469951321,0.2692255389137432,0.1566538100453768,0.1486868344253379,0.0910290689579414,interior,26.9,cool,0.12,0.01,False,-0.0,0.0,-0.0,0.0,False,False
2026-03-26,,Will the highest temperature in Hong Kong be 28°C or higher on March 26?,upper_tail,28.0,inf,upper_tail,28.4,,2026-03-26|28.0|inf,1.0,1.0,event_day_open,25.6,26.654167730614684,1.326005163362323,0.1550642327597275,weather_plus_market_training,0.7139164507619078,1.8639158430034184,,2026-03-26|28.0|inf,will the highest temperature in hong kong be 28°c or higher on march 26?,28.0,inf,0.0335,0.9815,0.0341314314824248,0.713916450761908,0.93412225,0.9329020916501898,1.863915843003419,3.396209840151116,3.377536574885495,0.1215642327597275,upper_tail,28.4,middle,0.12,0.01,True,0.9665,0.01,0.9565,0.043500000000000004,True,False
2026-03-27,,Will the highest temperature in Hong Kong be 26°C on March 27?,interior,26.0,27.0,interior,26.2,,2026-03-27|26.0|27.0,1.0,1.0,event_day_open,26.3,27.374172469862685,1.3495928262035002,0.2365062260278569,weather_plus_market_training,0.5829227428942259,1.4417807456974807,,2026-03-27|26.0|27.0,will the highest temperature in hong kong be 26°c on march 27?,26.0,27.0,0.0175,1.05,0.0166666666666666,0.582922742894226,0.96530625,0.9669444444444444,1.441780745697481,4.045554398052668,4.0943445622221,0.2190062260278569,interior,26.2,cool,0.12,0.01,True,0.9825,0.01,0.9725,0.027500000000000004,True,False
2026-03-28,,Will the highest temperature in Hong Kong be 25°C on March 28?,interior,25.0,26.0,interior,27.4,,2026-03-28|25.0|26.0,0.0,0.0,event_day_open,25.8,26.89307517601518,1.3409113442850735,0.1736918184592255,weather_plus_market_training,0.0301688477996725,0.1907874739071292,,2026-03-28|25.0|26.0,will the highest temperature in hong kong be 25°c on march 28?,25.0,26.0,0.095,1.0515,0.0903471231573942,0.0301688477996725,0.009025,0.0081626026628173,0.1907874739071292,0.0998203352822109,0.0946922062624469,0.0786918184592254,interior,27.4,cool,0.12,0.01,False,-0.0,0.0,-0.0,0.0,False,False
2026-03-29,,Will the highest temperature in Hong Kong be 26°C on March 29?,interior,26.0,27.0,interior,25.8,,2026-03-29|26.0|27.0,0.0,0.0,event_day_open,25.3,26.42983267383697,1.3332265085771633,0.2919758589671601,weather_plus_market_training,0.085249902219611,0.3452770883657129,,2026-03-29|26.0|27.0,will the highest temperature in hong kong be 26°c on march 29?,26.0,27.0,0.115,1.0185,0.1129111438389789,0.0852499022196109,0.013225,0.0127489264030265,0.3452770883657129,0.1221676339742075,0.1198101256345773,0.1769758589671601,interior,25.8,cool,0.12,0.01,True,-0.115,0.01,-0.125,0.125,False,True
2026-04-02,,Will the highest temperature in Hong Kong be 23°C on April 2?,interior,23.0,24.0,interior,24.0,,2026-04-02|23.0|24.0,0.0,0.0,event_day_open,23.2,24.73320323038661,1.3172672813145545,0.1947693353054276,weather_plus_market_training,0.0379350939753181,0.2166265026150594,,2026-04-02|23.0|24.0,will the highest temperature in hong kong be 23°c on april 2?,23.0,24.0,0.028,1.0605,0.0264026402640264,0.037935093975318,0.000784,0.0006970994129115,0.2166265026150594,0.028399474521698,0.0267574491695493,0.1667693353054276,interior,24.0,cool,0.12,0.01,True,-0.028,0.01,-0.038,0.038,False,True
2026-04-03,,Will the highest temperature in Hong Kong be 28°C on April 3?,interior,28.0,29.0,interior,27.1,,2026-04-03|28.0|29.0,0.0,0.0,event_day_open,25.4,26.62264133350713,1.358375511032794,0.115251006972334,weather_plus_market_training,0.0132827946081369,0.1224512979005677,,2026-04-03|28.0|29.0,will the highest temperature in hong kong be 28°c on april 3?,28.0,29.0,0.055,0.9465,0.0581088219756999,0.0132827946081369,0.003025,0.0033766351914035,0.1224512979005677,0.0565703514883943,0.0598655333461824,0.0602510069723339,interior,27.1,cool,0.12,0.01,False,-0.0,0.0,-0.0,0.0,False,False
2026-04-04,,Will the highest temperature in Hong Kong be 23°C on April 4?,interior,23.0,24.0,interior,26.4,,2026-04-04|23.0|24.0,0.0,0.0,event_day_open,23.2,24.76127691570703,1.3287875762949084,0.1908459512801971,weather_plus_market_training,0.0364221771200433,0.2117659613614862,,2026-04-04|23.0|24.0,will the highest temperature in hong kong be 23°c on april 4?,23.0,24.0,0.033,1.04,0.0317307692307692,0.0364221771200433,0.001089,0.0010068417159763,0.2117659613614861,0.0335567835288427,0.032245099416856,0.1578459512801971,interior,26.4,cool,0.12,0.01,True,-0.033,0.01,-0.043000000000000003,0.043000000000000003,False,True
2026-04-05,,Will the highest temperature in Hong Kong be 24°C on April 5?,interior,24.0,25.0,interior,25.7,,2026-04-05|24.0|25.0,0.0,0.0,event_day_open,24.5,25.839858978915657,1.351544218165577,0.180456711028848,weather_plus_market_training,0.0325646245553491,0.1990080585556026,,2026-04-05|24.0|25.0,will the highest temperature in hong kong be 24°c on april 5?,24.0,25.0,0.015,1.161,0.0129198966408268,0.0325646245553491,0.000225,0.0001669237292096,0.1990080585556025,0.0151136378100481,0.0130040844232065,0.165456711028848,interior,25.7,cool,0.12,0.01,True,-0.015,0.01,-0.025,0.025,False,True
2026-04-06,,Will the highest temperature in Hong Kong be 29°C on April 6?,interior,29.0,30.0,interior,28.1,,2026-04-06|29.0|30.0,0.0,0.0,event_day_open,26.6,27.834015922154293,1.3903871725630927,0.1412088037822243,weather_plus_market_training,0.0199399262656067,0.1522294642902143,,2026-04-06|29.0|30.0,will the highest temperature in hong kong be 29°c on april 6?,29.0,30.0,0.07,0.9715,0.0720535254760679,0.0199399262656067,0.0049,0.0051917105335303,0.1522294642902143,0.0725706928348355,0.0747812261741227,0.0712088037822243,interior,28.1,middle,0.12,0.01,False,-0.0,0.0,-0.0,0.0,False,False
2026-04-07,,Will the highest temperature in Hong Kong be 30°C or higher on April 7?,upper_tail,30.0,inf,upper_tail,29.2,,2026-04-07|30.0|inf,0.0,0.0,event_day_open,28.2,29.455671569413457,1.4156273349785713,0.3502987865186435,weather_plus_market_training,0.1227092398364342,0.43124269334096,,2026-04-07|30.0|inf,will the highest temperature in hong kong be 30°c or higher on april 7?,30.0,inf,0.175,1.2015,0.1456512692467748,0.1227092398364341,0.0306249999999999,0.0212142922331965,0.43124269334096,0.1923718926474561,0.1574158187175353,0.1752987865186435,upper_tail,29.2,middle,0.12,0.01,True,-0.175,0.01,-0.185,0.185,False,True
2026-04-08,,Will the highest temperature in Hong Kong be 25°C on April 8?,interior,25.0,26.0,interior,26.7,,2026-04-08|25.0|26.0,0.0,0.0,event_day_open,24.9,26.24295246587547,1.3704150982136816,0.247436612286592,weather_plus_market_training,0.0612248770998652,0.2842700497427755,,2026-04-08|25.0|26.0,will the highest temperature in hong kong be 25°c on april 8?,25.0,26.0,0.045,0.978,0.0460122699386503,0.0612248770998652,0.002025,0.0021171289849072,0.2842700497427753,0.0460439385014068,0.0471044691874734,0.202436612286592,interior,26.7,cool,0.12,0.01,True,-0.045,0.01,-0.055,0.055,False,True
2026-04-09,,Will the highest temperature in Hong Kong be 27°C on April 9?,interior,27.0,28.0,interior,28.0,,2026-04-09|27.0|28.0,0.0,0.0,event_day_open,26.4,27.676735413163488,1.3954759118368214,0.2777397197788271,weather_plus_market_training,0.0771393519428214,0.3253697061321424,,2026-04-09|27.0|28.0,will the highest temperature in hong kong be 27°c on april 9?,27.0,28.0,0.08,1.019,0.0785083415112855,0.0771393519428214,0.0064,0.0061635596868526,0.3253697061321424,0.083381608939051,0.0817615540144619,0.1977397197788271,interior,28.0,middle,0.12,0.01,True,-0.08,0.01,-0.09,0.09,False,True
2026-04-10,,Will the highest temperature in Hong Kong be 27°C on April 10?,interior,27.0,28.0,interior,28.3,,2026-04-10|27.0|28.0,0.0,0.0,event_day_open,26.8,28.08263575736705,1.4033437690667676,0.2563073010934731,weather_plus_market_training,0.0656934325938202,0.2961273685773221,,2026-04-10|27.0|28.0,will the highest temperature in hong kong be 27°c on april 10?,27.0,28.0,0.055,1.111,0.0495049504950495,0.0656934325938202,0.003025,0.0024507401235173,0.2961273685773221,0.0565703514883943,0.0507723253734232,0.2013073010934731,interior,28.3,middle,0.12,0.01,True,-0.055,0.01,-0.065,0.065,False,True
2026-04-11,,Will the highest temperature in Hong Kong be 27°C on April 11?,interior,27.0,28.0,interior,27.6,,2026-04-11|27.0|28.0,1.0,1.0,event_day_open,26.8,28.09419026908308,1.4055498705063787,0.2551421265993385,weather_plus_market_training,0.5548132515669558,1.365934529877575,,2026-04-11|27.0|28.0,will the highest temperature in hong kong be 27°c on april 11?,27.0,28.0,0.121,0.943,0.1283138918345705,0.5548132515669558,0.772641,0.7598366711685928,1.365934529877575,2.111964733385396,2.0532757370367163,0.1341421265993385,interior,27.6,middle,0.12,0.01,True,0.879,0.01,0.869,0.131,True,False
2026-04-12,,Will the highest temperature in Hong Kong be 26°C on April 12?,interior,26.0,27.0,interior,28.5,,2026-04-12|26.0|27.0,0.0,0.0,event_day_open,27.1,28.40213050466449,1.4111228507121245,0.1158509587717292,weather_plus_market_training,0.0134214446483289,0.1231296318811384,,2026-04-12|26.0|27.0,will the highest temperature in hong kong be 26°c on april 12?,26.0,27.0,0.036,1.1,0.0327272727272727,0.0134214446483288,0.0012959999999999,0.0010710743801652,0.1231296318811384,0.0366639843715914,0.0332747888848722,0.0798509587717292,interior,28.5,middle,0.12,0.01,False,-0.0,0.0,-0.0,0.0,False,False
2026-04-13,,Will the highest temperature in Hong Kong be 26°C on April 13?,interior,26.0,27.0,interior,29.7,,2026-04-13|26.0|27.0,0.0,0.0,event_day_open,27.0,28.313563755397208,1.4118946452140717,0.1254477140696696,weather_plus_market_training,0.0157371289653055,0.1340431967964162,,2026-04-13|26.0|27.0,will the highest temperature in hong kong be 26°c on april 13?,26.0,27.0,0.0175,1.238,0.0141357027463651,0.0157371289653055,0.00030625,0.0001998180921335,0.1340431967964162,0.0176549352387207,0.0142365634115266,0.1079477140696695,interior,29.7,hot,0.12,0.01,False,-0.0,0.0,-0.0,0.0,False,False
2026-04-14,,Will the highest temperature in Hong Kong be 27°C on April 14?,interior,27.0,28.0,interior,29.0,,2026-04-14|27.0|28.0,0.0,0.0,event_day_open,27.5,28.819906268587022,1.418725177525759,0.1818745472748815,weather_plus_market_training,0.0330783509464431,0.200739588948997,,2026-04-14|27.0|28.0,will the highest temperature in hong kong be 27°c on april 14?,27.0,28.0,0.051,1.029,0.0495626822157434,0.0330783509464431,0.0026009999999999,0.0024564594684187,0.200739588948997,0.0523464803722092,0.0508330657992322,0.1308745472748815,interior,29.0,middle,0.12,0.01,True,-0.051,0.01,-0.061,0.061,False,True
2026-04-15,,Will the highest temperature in Hong Kong be 27°C on April 15?,interior,27.0,28.0,interior,28.9,,2026-04-15|27.0|28.0,0.0,0.0,event_day_open,26.8,28.13682268669856,1.4135248589526854,0.2508171834935539,weather_plus_market_training,0.0629092595356391,0.2887722444648137,,2026-04-15|27.0|28.0,will the highest temperature in hong kong be 27°c on april 15?,27.0,28.0,0.0345,1.042,0.033109404990403,0.0629092595356391,0.00119025,0.0010962326988185,0.2887722444648137,0.0351091771135678,0.0336699284924741,0.2163171834935539,interior,28.9,middle,0.12,0.01,True,-0.0345,0.01,-0.044500000000000005,0.044500000000000005,False,True
2026-04-16,,Will the highest temperature in Hong Kong be 27°C on April 16?,interior,27.0,28.0,interior,30.2,,2026-04-16|27.0|28.0,0.0,0.0,event_day_open,26.8,28.1466014240444,1.4153167116697023,0.2498199918880029,weather_plus_market_training,0.0624100283469218,0.2874420904337728,,2026-04-16|27.0|28.0,will the highest temperature in hong kong be 27°c on april 16?,27.0,28.0,0.115,1.259,0.091342335186656,0.0624100283469218,0.013225,0.0083434221973514,0.2874420904337728,0.1221676339742075,0.0957868621046039,0.1348199918880029,interior,30.2,hot,0.12,0.01,True,-0.115,0.01,-0.125,0.125,False,True
2026-04-17,,Will the highest temperature in Hong Kong be 27°C on April 17?,interior,27.0,28.0,interior,28.0,,2026-04-17|27.0|28.0,0.0,0.0,event_day_open,27.1,28.451113083869394,1.4196479221865337,0.221980329363966,weather_plus_market_training,0.0492752666245348,0.2510034715294961,,2026-04-17|27.0|28.0,will the highest temperature in hong kong be 27°c on april 17?,27.0,28.0,0.0495,1.052,0.0470532319391635,0.0492752666245348,0.00245025,0.0022140066359207,0.251003471529496,0.0507671170536531,0.0481962341169308,0.172480329363966,interior,28.0,middle,0.12,0.01,True,-0.0495,0.01,-0.059500000000000004,0.059500000000000004,False,True
2026-04-18,,Will the highest temperature in Hong Kong be 31°C or higher on April 18?,upper_tail,31.0,inf,upper_tail,28.5,,2026-04-18|31.0|inf,0.0,0.0,event_day_open,28.3,29.6524005707632,1.4302210397371518,0.1730370446130672,weather_plus_market_training,0.0299418188084246,0.1899953789315771,,2026-04-18|31.0|inf,will the highest temperature in hong kong be 31°c or higher on april 18?,31.0,inf,0.021,1.012,0.0207509881422924,0.0299418188084246,0.000441,0.0004306035088815,0.1899953789315771,0.0212236364516266,0.0209693155174228,0.1520370446130672,upper_tail,28.5,middle,0.12,0.01,True,-0.021,0.01,-0.031,0.031,False,True
2026-04-19,,Will the highest temperature in Hong Kong be 27°C on April 19?,interior,27.0,28.0,interior,30.0,,2026-04-19|27.0|28.0,0.0,0.0,event_day_open,27.9,29.2610547266097,1.428448030739606,0.1319432599471541,weather_plus_market_training,0.0174090238454822,0.141498197733752,,2026-04-19|27.0|28.0,will the highest temperature in hong kong be 27°c on april 19?,27.0,28.0,0.025,1.034,0.0241779497098646,0.0174090238454822,0.000625,0.0005845732521727,0.141498197733752,0.0253178079842898,0.0244750347147655,0.1069432599471541,interior,30.0,hot,0.12,0.01,False,-0.0,0.0,-0.0,0.0,False,False
2026-04-20,,Will the highest temperature in Hong Kong be 30°C on April 20?,interior,30.0,31.0,interior,28.4,,2026-04-20|30.0|31.0,0.0,0.0,event_day_open,27.1,28.476837480004527,1.4239412759719126,0.104180666383533,weather_plus_market_training,0.010853611248117,0.1100165229273612,,2026-04-20|30.0|31.0,will the highest temperature in hong kong be 30°c on april 20?,30.0,31.0,0.036,1.062,0.0338983050847457,0.010853611248117,0.0012959999999999,0.0011490950876184,0.1100165229273611,0.0366639843715914,0.0344861760711693,0.068180666383533,interior,28.4,middle,0.12,0.01,False,-0.0,0.0,-0.0,0.0,False,False
2026-04-21,,Will the highest temperature in Hong Kong be 29°C on April 21?,interior,29.0,30.0,interior,28.9,,2026-04-21|29.0|30.0,0.0,0.0,event_day_open,27.0,28.386544996450944,1.424562668315807,0.2046780161917277,weather_plus_market_training,0.0418930903121811,0.2290082352430662,,2026-04-21|29.0|30.0,will the highest temperature in hong kong be 29°c on april 21?,29.0,30.0,0.09,0.9665,0.0931195033626487,0.0418930903121811,0.0081,0.0086712419065063,0.2290082352430661,0.0943106794712412,0.0977445942870964,0.1146780161917277,interior,28.9,middle,0.12,0.01,False,-0.0,0.0,-0.0,0.0,False,False
2026-04-22,,Will the highest temperature in Hong Kong be 27°C on April 22?,interior,27.0,28.0,interior,29.4,,2026-04-22|27.0|28.0,0.0,0.0,event_day_open,27.7,29.08497341823269,1.4302457125306502,0.1515966558047442,weather_plus_market_training,0.022981546051182,0.1643991145322217,,2026-04-22|27.0|28.0,will the highest temperature in hong kong be 27°c on april 22?,27.0,28.0,0.0125,0.978,0.0127811860940695,0.022981546051182,0.00015625,0.0001633587179712,0.1643991145322217,0.01257878220686,0.0128635681662482,0.1390966558047442,interior,29.4,hot,0.12,0.01,True,-0.0125,0.01,-0.0225,0.0225,False,True
2026-04-23,,Will the highest temperature in Hong Kong be 25°C on April 23?,interior,25.0,26.0,interior,29.0,,2026-04-23|25.0|26.0,0.0,0.0,event_day_open,25.7,27.14286635472828,1.4189516433644185,0.1447864728341156,weather_plus_market_training,0.020963122715744,0.1564041018497601,,2026-04-23|25.0|26.0,will the highest temperature in hong kong be 25°c on april 23?,25.0,26.0,0.002,1.0255,0.0019502681618722,0.020963122715744,4e-06,3.803545903212593e-06,0.1564041018497601,0.002002002670673,0.001952172411091,0.1427864728341156,interior,29.0,middle,0.12,0.01,True,-0.002,0.01,-0.012,0.012,False,True
2026-04-24,,Will the highest temperature in Hong Kong be 22°C on April 24?,interior,22.0,23.0,interior,23.7,,2026-04-24|22.0|23.0,0.0,0.0,event_day_open,21.4,23.26383370886765,1.4034084019860054,0.2415254002654505,weather_plus_market_training,0.0583345189733861,0.2764459682499188,,2026-04-24|22.0|23.0,will the highest temperature in hong kong be 22°c on april 24?,22.0,23.0,0.08,0.948,0.0843881856540084,0.058334518973386,0.0064,0.0071213658779753,0.2764459682499188,0.083381608939051,0.0881627875946716,0.1615254002654504,interior,23.7,cool,0.12,0.01,True,-0.08,0.01,-0.09,0.09,False,True
2026-04-25,,Will the highest temperature in Hong Kong be 27°C on April 25?,interior,27.0,28.0,interior,26.5,,2026-04-25|27.0|28.0,0.0,0.0,event_day_open,25.3,26.776354202991755,1.4200505241039132,0.2430001901382364,weather_plus_market_training,0.059049092407219,0.2783922767180837,,2026-04-25|27.0|28.0,will the highest temperature in hong kong be 27°c on april 25?,27.0,28.0,0.035,1.0095,0.0346706290242694,0.059049092407219,0.001225,0.0012020525169385,0.2783922767180836,0.0356271776431511,0.0352859188052766,0.2080001901382364,interior,26.5,cool,0.12,0.01,True,-0.035,0.01,-0.045000000000000005,0.045000000000000005,False,True
2026-04-26,,Will the highest temperature in Hong Kong be 26°C on April 26?,interior,26.0,27.0,interior,28.8,,2026-04-26|26.0|27.0,0.0,0.0,event_day_open,25.7,27.16239575754288,1.4237293152637032,0.2474706504743587,weather_plus_market_training,0.0612417228462022,0.2843152804278093,,2026-04-26|26.0|27.0,will the highest temperature in hong kong be 26°c on april 26?,26.0,27.0,0.05,1.033,0.0484027105517909,0.0612417228462022,0.0025,0.0023428223887604,0.2843152804278093,0.0512932943875505,0.049613348972472,0.1974706504743587,interior,28.8,middle,0.12,0.01,True,-0.05,0.01,-0.060000000000000005,0.060000000000000005,False,True
2026-04-27,,Will the highest temperature in Hong Kong be 26°C on April 27?,interior,26.0,27.0,interior,27.9,,2026-04-27|26.0|27.0,0.0,0.0,event_day_open,26.0,27.45629765234348,1.4266156359963904,0.2208692397907256,weather_plus_market_training,0.048783221085733,0.2495763907031384,,2026-04-27|26.0|27.0,will the highest temperature in hong kong be 26°c on april 27?,26.0,27.0,0.022,1.0195,0.0215792054928886,0.048783221085733,0.0004839999999999,0.0004656621097043,0.2495763907031382,0.0222456089473197,0.0218154412504913,0.1988692397907256,interior,27.9,middle,0.12,0.01,True,-0.022,0.01,-0.032,0.032,False,True
2026-04-28,,Will the highest temperature in Hong Kong be 29°C on April 28?,interior,29.0,30.0,interior,29.4,,2026-04-28|29.0|30.0,1.0,1.0,event_day_open,26.7,28.14158095854247,1.4310679671460866,0.1772682334297748,weather_plus_market_training,0.6768875597237635,1.7300912504273502,,2026-04-28|29.0|30.0,will the highest temperature in hong kong be 29°c on april 28?,29.0,30.0,0.065,0.973,0.066803699897225,0.6768875597237635,0.8742250000000001,0.8708553345255082,1.7300912504273505,2.7333680090865,2.705996812290368,0.1122682334297748,interior,29.4,hot,0.12,0.01,False,0.0,0.0,0.0,0.0,False,False
2026-04-29,,Will the highest temperature in Hong Kong be 25°C on April 29?,interior,25.0,26.0,interior,28.4,,2026-04-29|25.0|26.0,0.0,0.0,event_day_open,25.7,27.178972474871507,1.4278497266140204,0.1409892538799189,weather_plus_market_training,0.0198779697096162,0.1519738470411127,,2026-04-29|25.0|26.0,will the highest temperature in hong kong be 25°c on april 29?,25.0,26.0,0.0245,0.9815,0.0249617931737137,0.0198779697096162,0.00060025,0.0006230911184472,0.1519738470411127,0.0248051189189711,0.0252786222635615,0.1164892538799189,interior,28.4,middle,0.12,0.01,False,-0.0,0.0,-0.0,0.0,False,False
2026-04-30,,Will the highest temperature in Hong Kong be 25°C or higher on April 30?,upper_tail,25.0,inf,upper_tail,26.7,,2026-04-30|25.0|inf,1.0,1.0,event_day_open,24.9,26.422232998152825,1.426121725235488,0.8406840444001413,weather_plus_market_training,0.0253815737086961,0.1735393799669365,,2026-04-30|25.0|inf,will the highest temperature in hong kong be 25°c or higher on april 30?,25.0,inf,0.725,1.0185,0.7118311242022582,0.0253815737086961,0.075625,0.0830413009785343,0.1735393799669365,0.3215836241274623,0.3399145808121857,0.1156840444001413,upper_tail,26.7,cool,0.12,0.01,False,0.0,0.0,0.0,0.0,False,False
2026-05-01,,Will the highest temperature in Hong Kong be 24°C on May 1?,interior,24.0,25.0,interior,26.9,,2026-05-01|24.0|25.0,0.0,0.0,event_day_open,23.6,25.21270491524457,1.423828669728868,0.2434387320132925,weather_plus_market_training,0.0592624162442396,0.2789717602866641,,2026-05-01|24.0|25.0,will the highest temperature in hong kong be 24°c on may 1?,24.0,25.0,0.0275,0.9925,0.0277078085642317,0.0592624162442396,0.00075625,0.0007677226554321,0.278971760286664,0.0278852034895356,0.0280989112223595,0.2159387320132925,interior,26.9,cool,0.12,0.01,True,-0.0275,0.01,-0.0375,0.0375,False,True
2026-05-02,,Will the highest temperature in Hong Kong be 26°C on May 2?,interior,26.0,27.0,interior,27.0,,2026-05-02|26.0|27.0,0.0,0.0,event_day_open,26.8,28.2616242242412,1.4351538470099927,0.1321500024789559,weather_plus_market_training,0.017463623155188,0.14173639317168,,2026-05-02|26.0|27.0,will the highest temperature in hong kong be 26°c on may 2?,26.0,27.0,0.01,1.0095,0.0099058940069341,0.017463623155188,0.0001,9.81267360766134e-05,0.14173639317168,0.0100503358535014,0.0099552838124373,0.1221500024789559,interior,27.0,cool,0.12,0.01,True,-0.01,0.01,-0.02,0.02,False,True
2026-05-03,,Will the highest temperature in Hong Kong be 31°C or higher on May 3?,upper_tail,31.0,inf,upper_tail,29.6,,2026-05-03|31.0|inf,0.0,0.0,event_day_open,28.6,30.04400321294595,1.4415346229854715,0.2536076715288174,weather_plus_market_training,0.0643168510582685,0.2925039075415028,,2026-05-03|31.0|inf,will the highest temperature in hong kong be 31°c or higher on may 3?,31.0,inf,0.013,1.0515,0.0123632905373276,0.0643168510582685,0.000169,0.0001528509529103,0.2925039075415027,0.0130852395486554,0.0124403518265875,0.2406076715288174,upper_tail,29.6,hot,0.12,0.01,True,-0.013,0.01,-0.023,0.023,False,True
2026-05-04,,Will the highest temperature in Hong Kong be 26°C or higher on May 4?,upper_tail,26.0,inf,upper_tail,27.6,,2026-05-04|26.0|inf,1.0,1.0,event_day_open,26.1,27.588354717903226,1.4346282609191054,0.8658863693244816,weather_plus_market_training,0.0179864659329693,0.1440015922800896,,2026-05-04|26.0|inf,will the highest temperature in hong kong be 26°c or higher on may 4?,26.0,inf,0.505,1.023,0.4936461388074291,0.0179864659329693,0.245025,0.2563942327446253,0.1440015922800896,0.6831968497067772,0.7059363366762668,0.3608863693244816,upper_tail,27.6,middle,0.12,0.01,True,0.495,0.01,0.485,0.515,True,False
2026-05-05,,Will the highest temperature in Hong Kong be 23°C on May 5?,interior,23.0,24.0,interior,23.0,,2026-05-05|23.0|24.0,1.0,1.0,event_day_open,22.0,23.72168832340206,1.4282716077938489,0.2705700317681648,weather_plus_market_training,0.5320680785546961,1.3072243167244173,,2026-05-05|23.0|24.0,will the highest temperature in hong kong be 23°c on may 5?,23.0,24.0,0.11,1.0455,0.1052128168340506,0.5320680785546962,0.7921,0.8006441031580541,1.3072243167244175,2.2072749131897207,2.251770153076272,0.1605700317681648,interior,23.0,cool,0.12,0.01,True,0.89,0.01,0.88,0.12,True,False
2026-05-06,,Will the highest temperature in Hong Kong be 25°C on May 6?,interior,25.0,26.0,interior,24.6,,2026-05-06|25.0|26.0,0.0,0.0,event_day_open,25.5,27.01506885683344,1.4348676005494694,0.1595435225583867,weather_plus_market_training,0.0254541355903384,0.1738101092212272,,2026-05-06|25.0|26.0,will the highest temperature in hong kong be 25°c on may 6?,25.0,26.0,0.039,1.035,0.0376811594202898,0.0254541355903384,0.001521,0.0014198697752572,0.1738101092212271,0.0397808700118446,0.0384094481148711,0.1205435225583866,interior,24.6,cool,0.12,0.01,True,-0.039,0.01,-0.049,0.049,False,True
2026-05-07,,Will the highest temperature in Hong Kong be 29°C on May 7?,interior,29.0,30.0,interior,29.3,,2026-05-07|29.0|30.0,1.0,1.0,event_day_open,26.7,28.186734065233555,1.438537643666182,0.1821746663534074,weather_plus_market_training,0.6688382763541605,1.7027893468894837,,2026-05-07|29.0|30.0,will the highest temperature in hong kong be 29°c on may 7?,29.0,30.0,0.052,1.065,0.0488262910798122,0.6688382763541605,0.898704,0.9047314245409862,1.7027893468894837,2.9565115604007097,3.019486359562098,0.1301746663534074,interior,29.3,hot,0.12,0.01,True,0.948,0.01,0.938,0.062,True,False
2026-05-08,,Will the highest temperature in Hong Kong be 31°C or higher on May 8?,upper_tail,31.0,inf,upper_tail,30.3,,2026-05-08|31.0|inf,0.0,0.0,event_day_open,28.9,30.365604065579475,1.4440700303425955,0.3302180809968473,weather_plus_market_training,0.1090439810172404,0.4008031136069486,,2026-05-08|31.0|inf,will the highest temperature in hong kong be 31°c or higher on may 8?,31.0,inf,0.0175,1.041,0.0168107588856868,0.1090439810172404,0.00030625,0.0002826016143126,0.4008031136069486,0.0176549352387207,0.0169536635136246,0.3127180809968473,upper_tail,30.3,hot,0.12,0.01,True,-0.0175,0.01,-0.027500000000000004,0.027500000000000004,False,True
2026-05-09,,Will the highest temperature in Hong Kong be 24°C on May 9?,interior,24.0,25.0,interior,26.1,,2026-05-09|24.0|25.0,0.0,0.0,event_day_open,23.1,24.7337228596862,1.434463840017166,0.2691300753334237,weather_plus_market_training,0.0724309974489743,0.3135197766984397,,2026-05-09|24.0|25.0,will the highest temperature in hong kong be 24°c on may 9?,24.0,25.0,0.0075,0.9974999999999998,0.0075187969924812,0.0724309974489743,5.625e-05,5.6532308214144406e-05,0.3135197766984397,0.0075282664207915,0.0075472056353829,0.2616300753334237,interior,26.1,cool,0.12,0.01,True,-0.0075,0.01,-0.0175,0.0175,False,True
2026-05-10,,Will the highest temperature in Hong Kong be 25°C on May 10?,interior,25.0,26.0,interior,26.1,,2026-05-10|25.0|26.0,0.0,0.0,event_day_open,25.1,26.639099141609243,1.4376108697364771,0.2012092964171132,weather_plus_market_training,0.0404851809646697,0.2246563154865578,,2026-05-10|25.0|26.0,will the highest temperature in hong kong be 25°c on may 10?,25.0,26.0,0.08,1.058,0.0756143667296786,0.0404851809646697,0.0064,0.0057175324559303,0.2246563154865576,0.083381608939051,0.0786259423834274,0.1212092964171131,interior,26.1,cool,0.12,0.01,True,-0.08,0.01,-0.09,0.09,False,True
2026-05-11,,Will the highest temperature in Hong Kong be 26°C on May 11?,interior,26.0,27.0,interior,28.8,,2026-05-11|26.0|27.0,0.0,0.0,event_day_open,26.5,28.00544490619876,1.4405578305767042,0.1606611905136671,weather_plus_market_training,0.0258120181372688,0.1751408286593752,,2026-05-11|26.0|27.0,will the highest temperature in hong kong be 26°c on may 11?,26.0,27.0,0.0495,1.072,0.0461753731343283,0.0258120181372688,0.00245025,0.0021321650840944,0.1751408286593752,0.0507671170536531,0.0472754537137905,0.111161190513667,interior,28.8,middle,0.12,0.01,False,-0.0,0.0,-0.0,0.0,False,False
2026-05-12,,Will the highest temperature in Hong Kong be 31°C or higher on May 12?,upper_tail,31.0,inf,upper_tail,31.6,,2026-05-12|31.0|inf,1.0,1.0,event_day_open,28.8,30.28374011901946,1.444968575642313,0.310055739683067,weather_plus_market_training,0.4760230823442798,1.1710031922367554,,2026-05-12|31.0|inf,will the highest temperature in hong kong be 31°c or higher on may 12?,31.0,inf,0.15,1.0485,0.1430615164520743,0.4760230823442798,0.7224999999999999,0.7343435645854185,1.1710031922367554,1.8971199848858813,1.944480556245719,0.160055739683067,upper_tail,31.6,hot,0.12,0.01,True,0.85,0.01,0.84,0.16,True,False
2026-05-13,,Will the highest temperature in Hong Kong be 29°C on May 13?,interior,29.0,30.0,interior,31.1,,2026-05-13|29.0|30.0,0.0,0.0,event_day_open,28.6,30.08940581592213,1.4448906429186237,0.2498970225632543,weather_plus_market_training,0.0624485218859796,0.2875447786280152,,2026-05-13|29.0|30.0,will the highest temperature in hong kong be 29°c on may 13?,29.0,30.0,0.07,1.0515,0.0665715644317641,0.0624485218859796,0.0049,0.0044317731908925,0.287544778628015,0.0725706928348355,0.0688909814262387,0.1798970225632543,interior,31.1,hot,0.12,0.01,True,-0.07,0.01,-0.08,0.08,False,True
2026-05-14,,Will the highest temperature in Hong Kong be 27°C on May 14?,interior,27.0,28.0,interior,29.2,,2026-05-14|27.0|28.0,0.0,0.0,event_day_open,27.4,28.903534057972514,1.443360162323999,0.1720451687022033,weather_plus_market_training,0.0295995400737696,0.1887966776575778,,2026-05-14|27.0|28.0,will the highest temperature in hong kong be 27°c on may 14?,27.0,28.0,0.09,1.022,0.0880626223091976,0.0295995400737695,0.0081,0.0077550254479723,0.1887966776575778,0.0943106794712412,0.0921839560780584,0.0820451687022033,interior,29.2,middle,0.12,0.01,False,-0.0,0.0,-0.0,0.0,False,False
2026-05-15,,Will the highest temperature in Hong Kong be 29°C or higher on May 15?,upper_tail,29.0,inf,upper_tail,27.4,,2026-05-15|29.0|inf,0.0,0.0,event_day_open,27.3,28.808022174221698,1.4435903908724497,0.4471020854552342,weather_plus_market_training,0.1999002748184195,0.5925818974942223,,2026-05-15|29.0|inf,will the highest temperature in hong kong be 29°c or higher on may 15?,29.0,inf,0.315,1.0235,0.3077674645823156,0.1999002748184195,0.099225,0.0947208122554269,0.5925818974942223,0.3783364407199117,0.3678333459706092,0.1321020854552342,upper_tail,27.4,cool,0.12,0.01,True,-0.315,0.01,-0.325,0.325,False,True
2026-05-16,,Will the highest temperature in Hong Kong be 25°C on May 16?,interior,25.0,26.0,interior,25.6,,2026-05-16|25.0|26.0,1.0,1.0,event_day_open,24.9,26.45318371912085,1.4417212339713146,0.219894136929065,weather_plus_market_training,0.6085651575976484,1.5146090442185942,,2026-05-16|25.0|26.0,will the highest temperature in hong kong be 25°c on may 16?,25.0,26.0,0.0995,1.0375,0.0959036144578313,0.6085651575976484,0.81090025,0.8173902743504137,1.5146090442185942,2.30759763481759,2.344411607940306,0.120394136929065,interior,25.6,cool,0.12,0.01,True,0.9005,0.01,0.8905,0.1095,True,False
2026-05-21,,Will the highest temperature in Hong Kong be 28°C on May 21?,interior,28.0,29.0,interior,31.5,,2026-05-21|28.0|29.0,0.0,0.0,event_day_open,27.7,29.22395192035126,1.4457861707834654,0.2398313500995652,weather_plus_market_training,0.0575190764905802,0.2742149625559162,,2026-05-21|28.0|29.0,will the highest temperature in hong kong be 28°c on may 21?,28.0,29.0,0.105,1.0105,0.1039089559623948,0.0575190764905802,0.0110249999999999,0.0107970711291949,0.2742149625559162,0.1109315607072816,0.1097132595202076,0.1348313500995652,interior,31.5,hot,0.12,0.01,True,-0.105,0.01,-0.11499999999999999,0.11499999999999999,False,True
2026-05-22,,Will the highest temperature in Hong Kong be 29°C on May 22?,interior,29.0,30.0,interior,31.4,,2026-05-22|29.0|30.0,0.0,0.0,event_day_open,29.2,30.717664506602368,1.4473270769059146,0.1923418938256159,weather_plus_market_training,0.0369954041204245,0.2136164459310996,,2026-05-22|29.0|30.0,will the highest temperature in hong kong be 29°c on may 22?,29.0,30.0,0.095,1.0465,0.0907787864309603,0.0369954041204245,0.009025,0.0082407880658779,0.2136164459310994,0.0998203352822109,0.0951668551498502,0.0973418938256159,interior,31.4,hot,0.12,0.01,False,-0.0,0.0,-0.0,0.0,False,False
2026-05-23,,Will the highest temperature in Hong Kong be 29°C on May 23?,interior,29.0,30.0,interior,30.3,,2026-05-23|29.0|30.0,0.0,0.0,event_day_open,28.6,30.12500507567546,1.4469193357046009,0.2471498655862812,weather_plus_market_training,0.0610830560593168,0.2838890956732603,,2026-05-23|29.0|30.0,will the highest temperature in hong kong be 29°c on may 23?,29.0,30.0,0.0665,1.029,0.064625850340136,0.0610830560593168,0.00442225,0.0041765005321856,0.2838890956732602,0.0688143160003597,0.0668086696721102,0.1806498655862811,interior,30.3,hot,0.12,0.01,True,-0.0665,0.01,-0.0765,0.0765,False,True
2026-05-24,,Will the highest temperature in Hong Kong be 29°C on May 24?,interior,29.0,30.0,interior,31.5,,2026-05-24|29.0|30.0,0.0,0.0,event_day_open,29.9,31.416972134199742,1.4482361084256277,0.1163673500355927,weather_plus_market_training,0.0135413601543061,0.1237138570500312,,2026-05-24|29.0|30.0,will the highest temperature in hong kong be 29°c on may 24?,29.0,30.0,0.02,1.011,0.019782393669634,0.0135413601543061,0.0004,0.0003913430993003,0.1237138570500312,0.0202027073175194,0.0199806846904833,0.0963673500355927,interior,31.5,hot,0.12,0.01,False,-0.0,0.0,-0.0,0.0,False,False
2026-05-25,,Will the highest temperature in Hong Kong be 30°C on May 25?,interior,30.0,31.0,interior,32.0,,2026-05-25|30.0|31.0,0.0,0.0,event_day_open,30.1,31.61733704307287,1.4485147608149245,0.2028923735506667,weather_plus_market_training,0.0411653152450232,0.2267655698492888,,2026-05-25|30.0|31.0,will the highest temperature in hong kong be 30°c on may 25?,30.0,31.0,0.06,1.056,0.0568181818181818,0.0411653152450232,0.0036,0.0032283057851239,0.2267655698492888,0.0618754037180875,0.0584962066816084,0.1428923735506667,interior,32.0,hot,0.12,0.01,True,-0.06,0.01,-0.06999999999999999,0.06999999999999999,False,True
2026-05-26,,Will the highest temperature in Hong Kong be 30°C on May 26?,interior,30.0,31.0,interior,32.0,,2026-05-26|30.0|31.0,0.0,0.0,event_day_open,30.3,31.817230336048222,1.4487813649453698,0.1814859359031477,weather_plus_market_training,0.0329371449306414,0.2002646995490494,,2026-05-26|30.0|31.0,will the highest temperature in hong kong be 30°c on may 26?,30.0,31.0,0.0345,1.016,0.0339566929133858,0.0329371449306414,0.00119025,0.0011530569936139,0.2002646995490494,0.0351091771135678,0.0345466144219114,0.1469859359031477,interior,32.0,hot,0.12,0.01,True,-0.0345,0.01,-0.044500000000000005,0.044500000000000005,False,True
2026-05-27,,Will the highest temperature in Hong Kong be 30°C on May 27?,interior,30.0,31.0,interior,33.7,,2026-05-27|30.0|31.0,0.0,0.0,event_day_open,30.8,32.31122736947008,1.4493581303447791,0.1274188256432543,weather_plus_market_training,0.016235557128306,0.1362995927211533,,2026-05-27|30.0|31.0,will the highest temperature in hong kong be 30°c on may 27?,30.0,31.0,0.019,1.0535,0.0180351210251542,0.016235557128306,0.000361,0.0003252655903919,0.1362995927211531,0.0191828194167739,0.018199736058646,0.1084188256432543,interior,33.7,hot,0.12,0.01,False,-0.0,0.0,-0.0,0.0,False,False
2026-05-28,,Will the highest temperature in Hong Kong be 31°C on May 28?,interior,31.0,32.0,interior,33.4,,2026-05-28|31.0|32.0,0.0,0.0,event_day_open,31.8,33.2906154552957,1.450596373625042,0.1296515771462685,weather_plus_market_training,0.0168095314565148,0.1388616614678647,,2026-05-28|31.0|32.0,will the highest temperature in hong kong be 31°c on may 28?,31.0,32.0,0.0125,1.0135,0.0123334977799704,0.0168095314565148,0.00015625,0.0001521151674885,0.1388616614678647,0.01257878220686,0.0124101865768341,0.1171515771462684,interior,33.4,hot,0.12,0.01,False,-0.0,0.0,-0.0,0.0,False,False
2026-05-29,,Will the highest temperature in Hong Kong be 33°C on May 29?,interior,33.0,34.0,interior,34.1,,2026-05-29|33.0|34.0,0.0,0.0,event_day_open,33.0,34.45733299462737,1.452365141538147,0.2185941770247579,weather_plus_market_training,0.0477834142291312,0.2466606444114025,,2026-05-29|33.0|34.0,will the highest temperature in hong kong be 33°c on may 29?,33.0,34.0,0.12,1.022,0.1174168297455968,0.0477834142291311,0.0144,0.0137867119075064,0.2466606444114025,0.1278333715098848,0.124902250701026,0.0985941770247579,interior,34.1,hot,0.12,0.01,False,-0.0,0.0,-0.0,0.0,False,False
2026-05-30,,Will the highest temperature in Hong Kong be 33°C or higher on May 30?,upper_tail,33.0,inf,upper_tail,32.6,,2026-05-30|33.0|inf,0.0,0.0,event_day_open,30.3,31.826850890261667,1.4489855212111729,0.2090750491117967,weather_plus_market_training,0.0437123761611002,0.2345521944917346,,2026-05-30|33.0|inf,will the highest temperature in hong kong be 33°c or higher on may 30?,33.0,inf,0.07,1.059,0.0661000944287063,0.0437123761611002,0.0049,0.0043692224834838,0.2345521944917346,0.0725706928348355,0.0683860139786943,0.1390750491117967,upper_tail,32.6,hot,0.12,0.01,True,-0.07,0.01,-0.08,0.08,False,True
2026-05-31,,Will the highest temperature in Hong Kong be 29°C on May 31?,interior,29.0,30.0,interior,30.9,,2026-05-31|29.0|30.0,0.0,0.0,event_day_open,29.1,30.642968057061324,1.44819483566651,0.2002351556082107,weather_plus_market_training,0.0400941175414443,0.2234375390346284,,2026-05-31|29.0|30.0,will the highest temperature in hong kong be 29°c on may 31?,29.0,30.0,0.0625,1.0395,0.0601250601250601,0.0400941175414443,0.00390625,0.003615022855042,0.2234375390346284,0.0645385211375711,0.0620084552552848,0.1377351556082107,interior,30.9,hot,0.12,0.01,True,-0.0625,0.01,-0.0725,0.0725,False,True
2026-06-01,0xe8dfee53344362412d799bcff99d093bc4d488bde9f9dcd12f9470dbebfa9348,Will the highest temperature in Hong Kong be 29°C on June 1?,interior,29.0,30.0,interior,32.3,,0xe8dfee53344362412d799bcff99d093bc4d488bde9f9dcd12f9470dbebfa9348,0.0,0.0,event_day_open,29.5,31.04158642453837,1.448502842905932,0.1566947759823055,out_of_sample_validation,0.0245532528201449,0.1704263176884927,0xe8dfee53344362412d799bcff99d093bc4d488bde9f9dcd12f9470dbebfa9348,0xe8dfee53344362412d799bcff99d093bc4d488bde9f9dcd12f9470dbebfa9348,will the highest temperature in hong kong be 29°c on june 1?,29.0,30.0,0.03,1.051,0.0285442435775451,0.0245532528201449,0.0009,0.0008147738414142,0.1704263176884926,0.0304592074847085,0.0289595527122855,0.1266947759823055,interior,32.3,hot,0.12,0.01,True,-0.03,0.01,-0.04,0.04,False,True
2026-06-02,0x937a3fe863195473d99a2533c8e83556bcfbb3d92960a6ecdd64527e2929e314,Will the highest temperature in Hong Kong be 31°C on June 2?,interior,31.0,32.0,interior,33.3,,0x937a3fe863195473d99a2533c8e83556bcfbb3d92960a6ecdd64527e2929e314,0.0,0.0,event_day_open,31.6,33.103335367675335,1.450354680899739,0.1499093265323705,out_of_sample_validation,0.0224728061813888,0.1624122605193133,0x937a3fe863195473d99a2533c8e83556bcfbb3d92960a6ecdd64527e2929e314,0x937a3fe863195473d99a2533c8e83556bcfbb3d92960a6ecdd64527e2929e314,will the highest temperature in hong kong be 31°c on june 2?,31.0,32.0,0.065,0.9385,0.0692594565796483,0.0224728061813888,0.004225,0.0047968723257082,0.1624122605193133,0.0672087496934499,0.0717747264524522,0.0849093265323704,interior,33.3,hot,0.12,0.01,False,-0.0,0.0,-0.0,0.0,False,False
2026-06-03,0x72dba0d44cf863dcbfe8e7abc36a3e88f632042a4ef52d75a2e0c682809a75b4,Will the highest temperature in Hong Kong be 32°C on June 3?,interior,32.0,33.0,interior,34.3,,0x72dba0d44cf863dcbfe8e7abc36a3e88f632042a4ef52d75a2e0c682809a75b4,0.0,0.0,event_day_open,31.4,32.90990464993648,1.450136700462234,0.2595914452293524,out_of_sample_validation,0.0673877184362638,0.3005531440942128,0x72dba0d44cf863dcbfe8e7abc36a3e88f632042a4ef52d75a2e0c682809a75b4,0x72dba0d44cf863dcbfe8e7abc36a3e88f632042a4ef52d75a2e0c682809a75b4,will the highest temperature in hong kong be 32°c on june 3?,32.0,33.0,0.065,1.0235,0.0635075720566683,0.0673877184362638,0.004225,0.0040332117085329,0.3005531440942128,0.0672087496934499,0.0656138426156449,0.1945914452293524,interior,34.3,hot,0.12,0.01,True,-0.065,0.01,-0.075,0.075,False,True
2026-06-04,0xf91b58bb44fb7062610c66088cd363c5e934460a392d8ac485c003e6bc3a3d97,Will the highest temperature in Hong Kong be 32°C on June 4?,interior,32.0,33.0,interior,34.2,,0xf91b58bb44fb7062610c66088cd363c5e934460a392d8ac485c003e6bc3a3d97,0.0,0.0,event_day_open,33.3,34.75009101410684,1.4526393938496578,0.0849790246780125,out_of_sample_validation,0.0072214346352262,0.0888082901201965,0xf91b58bb44fb7062610c66088cd363c5e934460a392d8ac485c003e6bc3a3d97,0xf91b58bb44fb7062610c66088cd363c5e934460a392d8ac485c003e6bc3a3d97,will the highest temperature in hong kong be 32°c on june 4?,32.0,33.0,0.034,1.0225,0.0332518337408313,0.0072214346352262,0.001156,0.0011056844471278,0.0888082901201964,0.034591444769619,0.0338172453062852,0.0509790246780124,interior,34.2,hot,0.12,0.01,False,-0.0,0.0,-0.0,0.0,False,False
2026-06-05,0x3fa3afd0f3159933d1c8cfb5aaccc6fb30bfe432ad5bd5e580c1073efb2297ef,Will the highest temperature in Hong Kong be 36°C or higher on June 5?,upper_tail,36.0,inf,upper_tail,34.6,,0x3fa3afd0f3159933d1c8cfb5aaccc6fb30bfe432ad5bd5e580c1073efb2297ef,0.0,0.0,event_day_open,33.5,34.943022603612604,1.452917922669139,0.2334641551277656,out_of_sample_validation,0.0545055117295214,0.2658738174163485,0x3fa3afd0f3159933d1c8cfb5aaccc6fb30bfe432ad5bd5e580c1073efb2297ef,0x3fa3afd0f3159933d1c8cfb5aaccc6fb30bfe432ad5bd5e580c1073efb2297ef,will the highest temperature in hong kong be 36°c or higher on june 5?,36.0,inf,0.115,1.0579999999999998,0.108695652173913,0.0545055117295214,0.013225,0.0118147448015122,0.2658738174163485,0.1221676339742075,0.1150693297847872,0.1184641551277656,upper_tail,34.6,hot,0.12,0.01,False,-0.0,0.0,-0.0,0.0,False,False
2026-06-06,0x1914c701f6a96578e597f0d2a51e2ab8e7b08f5c57159b186c56051e9fa692af,Will the highest temperature in Hong Kong be 30°C on June 6?,interior,30.0,31.0,interior,30.4,,0x1914c701f6a96578e597f0d2a51e2ab8e7b08f5c57159b186c56051e9fa692af,1.0,1.0,event_day_open,30.1,31.641793988854435,1.449112621432259,0.2003090637847464,out_of_sample_validation,0.6395055934648287,1.6078937862870009,0x1914c701f6a96578e597f0d2a51e2ab8e7b08f5c57159b186c56051e9fa692af,0x1914c701f6a96578e597f0d2a51e2ab8e7b08f5c57159b186c56051e9fa692af,will the highest temperature in hong kong be 30°c on june 6?,30.0,31.0,0.055,1.0525,0.0522565320665083,0.6395055934648287,0.893025,0.8982176810106015,1.607893786287001,2.900422093749666,2.951590380324065,0.1453090637847464,interior,30.4,hot,0.12,0.01,True,0.945,0.01,0.9349999999999999,0.065,True,False
2026-06-07,0x1be969404668716b1bafc2a519c42ae7b87732018b93180d47900f3a12a1f531,Will the highest temperature in Hong Kong be 27°C on June 7?,interior,27.0,28.0,interior,32.0,,0x1be969404668716b1bafc2a519c42ae7b87732018b93180d47900f3a12a1f531,0.0,0.0,event_day_open,27.0,28.55826303424168,1.4486376739237503,0.2089448991551029,out_of_sample_validation,0.0436579708829361,0.2343876539125472,0x1be969404668716b1bafc2a519c42ae7b87732018b93180d47900f3a12a1f531,0x1be969404668716b1bafc2a519c42ae7b87732018b93180d47900f3a12a1f531,will the highest temperature in hong kong be 27°c on june 7?,27.0,28.0,0.009,1.051,0.0085632730732635,0.0436579708829361,8.099999999999999e-05,7.33296457272807e-05,0.2343876539125472,0.009040744652149,0.0086001485636388,0.1999448991551028,interior,32.0,hot,0.12,0.01,True,-0.009,0.01,-0.019,0.019,False,True
2026-06-08,0x4a4bbc3d1016662220aa62a20baf0c0b73997ccaf5a44a4ca5101c8199ba097d,Will the highest temperature in Hong Kong be 28°C on June 8?,interior,28.0,29.0,interior,30.9,,0x4a4bbc3d1016662220aa62a20baf0c0b73997ccaf5a44a4ca5101c8199ba097d,0.0,0.0,event_day_open,27.4,28.95989395023339,1.448658683497182,0.2572527126101824,out_of_sample_validation,0.0661789581452971,0.2973994167634669,0x4a4bbc3d1016662220aa62a20baf0c0b73997ccaf5a44a4ca5101c8199ba097d,0x4a4bbc3d1016662220aa62a20baf0c0b73997ccaf5a44a4ca5101c8199ba097d,will the highest temperature in hong kong be 28°c on june 8?,28.0,29.0,0.095,1.0555,0.0900047370914258,0.0661789581452971,0.009025,0.0081008526988966,0.2973994167634669,0.0998203352822109,0.0943158850797639,0.1622527126101824,interior,30.9,hot,0.12,0.01,True,-0.095,0.01,-0.105,0.105,False,True
2026-06-09,0x70b824aa5fd4f3355cea55a681bd6ec8006a945ba813f1d2d95861d1bda30c45,Will the highest temperature in Hong Kong be 31°C on June 9?,interior,31.0,32.0,interior,28.4,,0x70b824aa5fd4f3355cea55a681bd6ec8006a945ba813f1d2d95861d1bda30c45,0.0,0.0,event_day_open,29.8,31.349454473791752,1.4490580022132178,0.2685482304672548,out_of_sample_validation,0.0721181520870938,0.3127239943487935,0x70b824aa5fd4f3355cea55a681bd6ec8006a945ba813f1d2d95861d1bda30c45,0x70b824aa5fd4f3355cea55a681bd6ec8006a945ba813f1d2d95861d1bda30c45,will the highest temperature in hong kong be 31°c on june 9?,31.0,32.0,0.074,1.064,0.0695488721804511,0.0721181520870938,0.0054759999999999,0.0048370456215727,0.3127239943487935,0.0768810443359576,0.072085726772954,0.1945482304672547,interior,28.4,middle,0.12,0.01,True,-0.074,0.01,-0.08399999999999999,0.08399999999999999,False,True
2026-06-10,0x514c6d354a55c98201b4f365bc683bc4e19c921df980d6f5590e5f9b53e791a3,Will the highest temperature in Hong Kong be 31°C on June 10?,interior,31.0,32.0,interior,28.6,,0x514c6d354a55c98201b4f365bc683bc4e19c921df980d6f5590e5f9b53e791a3,0.0,0.0,event_day_open,28.3,29.86188454464096,1.4487573037969983,0.1460615110049533,out_of_sample_validation,0.0213339649970501,0.1578961147255161,0x514c6d354a55c98201b4f365bc683bc4e19c921df980d6f5590e5f9b53e791a3,0x514c6d354a55c98201b4f365bc683bc4e19c921df980d6f5590e5f9b53e791a3,will the highest temperature in hong kong be 31°c on june 10?,31.0,32.0,0.095,1.0815,0.0878409616273693,0.02133396499705,0.009025,0.0077160345396209,0.1578961147255159,0.0998203352822109,0.0919409199304434,0.0510615110049532,interior,28.6,middle,0.12,0.01,False,-0.0,0.0,-0.0,0.0,False,False
2026-06-11,0x6f6b3f8fb41ff34366e0da0a627897f3bf913a02538f1c295853379c89cf2c39,Will the highest temperature in Hong Kong be 31°C on June 11?,interior,31.0,32.0,interior,29.0,,0x6f6b3f8fb41ff34366e0da0a627897f3bf913a02538f1c295853379c89cf2c39,0.0,0.0,event_day_open,28.6,30.16184347960556,1.4488373570033086,0.1791903400127232,out_of_sample_validation,0.0321091779538753,0.1974640356445391,0x6f6b3f8fb41ff34366e0da0a627897f3bf913a02538f1c295853379c89cf2c39,0x6f6b3f8fb41ff34366e0da0a627897f3bf913a02538f1c295853379c89cf2c39,will the highest temperature in hong kong be 31°c on june 11?,31.0,32.0,0.065,1.04,0.0625,0.0321091779538753,0.004225,0.00390625,0.1974640356445389,0.0672087496934499,0.0645385211375711,0.1141903400127231,interior,29.0,middle,0.12,0.01,False,-0.0,0.0,-0.0,0.0,False,False
2026-06-12,0x6a4f656915d06041fdb15ae10aec74d4b3c43dc8a48d97c0cf215cb9e79e127f,Will the highest temperature in Hong Kong be 27°C on June 12?,interior,27.0,28.0,interior,30.4,,0x6a4f656915d06041fdb15ae10aec74d4b3c43dc8a48d97c0cf215cb9e79e127f,0.0,0.0,event_day_open,27.7,29.263632431402776,1.448973995438885,0.1324634991161304,out_of_sample_validation,0.017546578598089,0.1420976920994669,0x6a4f656915d06041fdb15ae10aec74d4b3c43dc8a48d97c0cf215cb9e79e127f,0x6a4f656915d06041fdb15ae10aec74d4b3c43dc8a48d97c0cf215cb9e79e127f,will the highest temperature in hong kong be 27°c on june 12?,27.0,28.0,0.042,1.044,0.0402298850574712,0.017546578598089,0.001764,0.0016184436517373,0.1420976920994669,0.0429075010112765,0.0410614867977739,0.0904634991161303,interior,30.4,hot,0.12,0.01,False,-0.0,0.0,-0.0,0.0,False,False
2026-06-13,0x6a3bfc6be0a436cc2dc4607fe38d4f56b34d6d78e581c0a5f919554dd75b6915,Will the highest temperature in Hong Kong be 32°C on June 13?,interior,32.0,33.0,interior,30.6,,0x6a3bfc6be0a436cc2dc4607fe38d4f56b34d6d78e581c0a5f919554dd75b6915,0.0,0.0,event_day_open,29.4,30.957130266729664,1.4490641929899135,0.1565579783229678,out_of_sample_validation,0.0245104005765748,0.1702641147739933,0x6a3bfc6be0a436cc2dc4607fe38d4f56b34d6d78e581c0a5f919554dd75b6915,0x6a3bfc6be0a436cc2dc4607fe38d4f56b34d6d78e581c0a5f919554dd75b6915,will the highest temperature in hong kong be 32°c on june 13?,32.0,33.0,0.0765,1.063,0.0719661335841956,0.0245104005765748,0.00585225,0.0051791243830582,0.1702641147739933,0.0795844793428424,0.0746870528792779,0.0800579783229678,interior,30.6,hot,0.12,0.01,False,-0.0,0.0,-0.0,0.0,False,False
2026-06-14,0xa9f298a91f9e11bf1c20c5f5afd3bd4a2cccb5c38dc45bcb34ee2bc631242c3a,Will the highest temperature in Hong Kong be 28°C on June 14?,interior,28.0,29.0,interior,29.5,,0xa9f298a91f9e11bf1c20c5f5afd3bd4a2cccb5c38dc45bcb34ee2bc631242c3a,0.0,0.0,event_day_open,27.6,29.16463628518403,1.4491592387347203,0.2439785276046631,out_of_sample_validation,0.0595255219321393,0.2796855005666168,0xa9f298a91f9e11bf1c20c5f5afd3bd4a2cccb5c38dc45bcb34ee2bc631242c3a,0xa9f298a91f9e11bf1c20c5f5afd3bd4a2cccb5c38dc45bcb34ee2bc631242c3a,will the highest temperature in hong kong be 28°c on june 14?,28.0,29.0,0.095,0.9525,0.0997375328083989,0.0595255219321393,0.009025,0.0099475754507064,0.2796855005666168,0.0998203352822109,0.105068927960761,0.1489785276046631,interior,29.5,hot,0.12,0.01,True,-0.095,0.01,-0.105,0.105,False,True
2026-06-15,0x7fedf821df860ae786a2b87eea186cb95a3cc9105c04f4a1f797ea22c9f0a3bf,Will the highest temperature in Hong Kong be 27°C on June 15?,interior,27.0,28.0,interior,29.9,,0x7fedf821df860ae786a2b87eea186cb95a3cc9105c04f4a1f797ea22c9f0a3bf,0.0,0.0,event_day_open,27.8,29.365370253335445,1.4491741171334398,0.1217358469542869,out_of_sample_validation,0.0148196164336775,0.1298078729125732,0x7fedf821df860ae786a2b87eea186cb95a3cc9105c04f4a1f797ea22c9f0a3bf,0x7fedf821df860ae786a2b87eea186cb95a3cc9105c04f4a1f797ea22c9f0a3bf,will the highest temperature in hong kong be 27°c on june 15?,27.0,28.0,0.065,0.999,0.065065065065065,0.0148196164336775,0.004225,0.0042334626919211,0.1298078729125731,0.0672087496934499,0.0672783404197108,0.0567358469542868,interior,29.9,hot,0.12,0.01,False,-0.0,0.0,-0.0,0.0,False,False
2026-06-16,0x5d54057be8d156deed5a7b1f0948de6fb688dad334e1fe6143765a8e887b6277,Will the highest temperature in Hong Kong be 26°C on June 16?,interior,26.0,27.0,interior,27.1,,0x5d54057be8d156deed5a7b1f0948de6fb688dad334e1fe6143765a8e887b6277,0.0,0.0,event_day_open,26.2,27.760236297274588,1.4501393340444328,0.1876476302789649,out_of_sample_validation,0.0352116331493111,0.2078210800923521,0x5d54057be8d156deed5a7b1f0948de6fb688dad334e1fe6143765a8e887b6277,0x5d54057be8d156deed5a7b1f0948de6fb688dad334e1fe6143765a8e887b6277,will the highest temperature in hong kong be 26°c on june 16?,26.0,27.0,0.053,1.052,0.0503802281368821,0.0352116331493111,0.002809,0.0025381673871242,0.2078210800923521,0.0544561857960588,0.0516936146491016,0.1346476302789649,interior,27.1,cool,0.12,0.01,True,-0.053,0.01,-0.063,0.063,False,True
2026-06-17,0x8848471f6d9f0c3c14335eb753459b464d5073e839b3e4798f13084918b5bb26,Will the highest temperature in Hong Kong be 26°C on June 17?,interior,26.0,27.0,interior,28.4,,0x8848471f6d9f0c3c14335eb753459b464d5073e839b3e4798f13084918b5bb26,0.0,0.0,event_day_open,27.1,28.66434940862215,1.4496049327159717,0.0924229409074,out_of_sample_validation,0.0085420000059727,0.0969768028474257,0x8848471f6d9f0c3c14335eb753459b464d5073e839b3e4798f13084918b5bb26,0x8848471f6d9f0c3c14335eb753459b464d5073e839b3e4798f13084918b5bb26,will the highest temperature in hong kong be 26°c on june 17?,26.0,27.0,0.032,1.054,0.0303605313092979,0.0085420000059727,0.001024,0.0009217618613828,0.0969768028474257,0.03252319170556,0.0308309583376579,0.0604229409074,interior,28.4,middle,0.12,0.01,False,-0.0,0.0,-0.0,0.0,False,False
2026-06-18,0xafd1fc039207d82e8f19f3d562a78a2f6b1093a606a701a89f3da3d026ef029d,Will the highest temperature in Hong Kong be 27°C on June 18?,interior,27.0,28.0,interior,29.0,,0xafd1fc039207d82e8f19f3d562a78a2f6b1093a606a701a89f3da3d026ef029d,0.0,0.0,event_day_open,27.6,29.166059845025032,1.449437989024198,0.1430229526036971,out_of_sample_validation,0.0204555649714794,0.1543441432444118,0xafd1fc039207d82e8f19f3d562a78a2f6b1093a606a701a89f3da3d026ef029d,0xafd1fc039207d82e8f19f3d562a78a2f6b1093a606a701a89f3da3d026ef029d,will the highest temperature in hong kong be 27°c on june 18?,27.0,28.0,0.071,1.052,0.0674904942965779,0.0204555649714793,0.0050409999999999,0.0045549668203964,0.1543441432444117,0.0736465401682984,0.069875933732292,0.0720229526036971,interior,29.0,middle,0.12,0.01,False,-0.0,0.0,-0.0,0.0,False,False
2026-06-19,0x10d2e405f53b20b81b6099cfae8682900c40fdda32dba52c144160633ecfeff3,Will the highest temperature in Hong Kong be 29°C on June 19?,interior,29.0,30.0,interior,31.3,,0x10d2e405f53b20b81b6099cfae8682900c40fdda32dba52c144160633ecfeff3,0.0,0.0,event_day_open,29.6,31.15517948022444,1.449287805575905,0.144206720271733,out_of_sample_validation,0.0207955781715298,0.1557264276497115,0x10d2e405f53b20b81b6099cfae8682900c40fdda32dba52c144160633ecfeff3,0x10d2e405f53b20b81b6099cfae8682900c40fdda32dba52c144160633ecfeff3,will the highest temperature in hong kong be 29°c on june 19?,29.0,30.0,0.05,0.953,0.0524658971668415,0.0207955781715298,0.0025,0.0027526703655215,0.1557264276497115,0.0512932943875505,0.0538923502372167,0.094206720271733,interior,31.3,hot,0.12,0.01,False,-0.0,0.0,-0.0,0.0,False,False
2026-06-20,0x6579145f63103f56f67dd9eb45959a7cb7b512afffea65f384d1b6734e54dd1e,Will the highest temperature in Hong Kong be 30°C on June 20?,interior,30.0,31.0,interior,31.5,,0x6579145f63103f56f67dd9eb45959a7cb7b512afffea65f384d1b6734e54dd1e,0.0,0.0,event_day_open,29.9,31.44982720789613,1.4493746684787032,0.2195640766630335,out_of_sample_validation,0.0482083837608904,0.2479026393385357,0x6579145f63103f56f67dd9eb45959a7cb7b512afffea65f384d1b6734e54dd1e,0x6579145f63103f56f67dd9eb45959a7cb7b512afffea65f384d1b6734e54dd1e,will the highest temperature in hong kong be 30°c on june 20?,30.0,31.0,0.0445,1.021,0.0435847208619,0.0482083837608904,0.00198025,0.0018996278926097,0.2479026393385355,0.0455205153018093,0.0445630678479319,0.1750640766630334,interior,31.5,hot,0.12,0.01,True,-0.0445,0.01,-0.0545,0.0545,False,True
2026-06-21,0x2387678964597f299f29bed1e503d78228f42062a88308db87ab139ac2c337bf,Will the highest temperature in Hong Kong be 30°C on June 21?,interior,30.0,31.0,interior,33.1,,0x2387678964597f299f29bed1e503d78228f42062a88308db87ab139ac2c337bf,0.0,0.0,event_day_open,30.4,31.93839854356048,1.4495462660246476,0.1681236307071132,out_of_sample_validation,0.0282655552021418,0.1840714438020955,0x2387678964597f299f29bed1e503d78228f42062a88308db87ab139ac2c337bf,0x2387678964597f299f29bed1e503d78228f42062a88308db87ab139ac2c337bf,will the highest temperature in hong kong be 30°c on june 21?,30.0,31.0,0.018,1.045,0.0172248803827751,0.0282655552021417,0.0003239999999999,0.0002966965042009,0.1840714438020955,0.0181639706276711,0.0173749544703531,0.1501236307071132,interior,33.1,hot,0.12,0.01,True,-0.018,0.01,-0.027999999999999997,0.027999999999999997,False,True
2026-06-22,0xbb10027d0f92e8498e5de1e089ef4dfd6d42a971569d5820f80575c02b091030,Will the highest temperature in Hong Kong be 31°C on June 22?,interior,31.0,32.0,interior,33.0,,0xbb10027d0f92e8498e5de1e089ef4dfd6d42a971569d5820f80575c02b091030,0.0,0.0,event_day_open,30.8,32.32674294274959,1.4497240644812974,0.2307893437431596,out_of_sample_validation,0.0532637211853983,0.2623904116754338,0xbb10027d0f92e8498e5de1e089ef4dfd6d42a971569d5820f80575c02b091030,0xbb10027d0f92e8498e5de1e089ef4dfd6d42a971569d5820f80575c02b091030,will the highest temperature in hong kong be 31°c on june 22?,31.0,32.0,0.04,1.071,0.0373482726423902,0.0532637211853982,0.0016,0.0013948934693703,0.2623904116754338,0.0408219945202551,0.0380635864307888,0.1907893437431596,interior,33.0,hot,0.12,0.01,True,-0.04,0.01,-0.05,0.05,False,True
2026-06-23,0x6742e42895236247cdf772a3d09d5ac341698b96f7bde915b034cf01670bbb98,Will the highest temperature in Hong Kong be 31°C on June 23?,interior,31.0,32.0,interior,32.2,,0x6742e42895236247cdf772a3d09d5ac341698b96f7bde915b034cf01670bbb98,0.0,0.0,event_day_open,30.8,32.32591144954914,1.4497264174632385,0.230861619592498,out_of_sample_validation,0.0532970874008712,0.2624843771509779,0x6742e42895236247cdf772a3d09d5ac341698b96f7bde915b034cf01670bbb98,0x6742e42895236247cdf772a3d09d5ac341698b96f7bde915b034cf01670bbb98,will the highest temperature in hong kong be 31°c on june 23?,31.0,32.0,0.0295,1.045,0.0282296650717703,0.0532970874008712,0.0008702499999999,0.0007969139900643,0.2624843771509779,0.029943876373072,0.028635783378472,0.201361619592498,interior,32.2,hot,0.12,0.01,True,-0.0295,0.01,-0.0395,0.0395,False,True
2026-06-24,0x232664d1dff2021e53c08cf78dc613bd68671695c78d30b68ac1cc334c3604e0,Will the highest temperature in Hong Kong be 31°C on June 24?,interior,31.0,32.0,interior,32.8,,0x232664d1dff2021e53c08cf78dc613bd68671695c78d30b68ac1cc334c3604e0,0.0,0.0,event_day_open,31.3,32.80850780643715,1.4499934794060805,0.1824083061609402,out_of_sample_validation,0.0332727901565033,0.2013922187831038,0x232664d1dff2021e53c08cf78dc613bd68671695c78d30b68ac1cc334c3604e0,0x232664d1dff2021e53c08cf78dc613bd68671695c78d30b68ac1cc334c3604e0,will the highest temperature in hong kong be 31°c on june 24?,31.0,32.0,0.058,1.0695,0.0542309490416082,0.0332727901565032,0.003364,0.0029409958339535,0.2013922187831036,0.059750004405774,0.0557568719146601,0.1244083061609402,interior,32.8,hot,0.12,0.01,True,-0.058,0.01,-0.068,0.068,False,True
2026-06-25,0xdc2b968fa4fdce8c68a21a68101a266cf5ec1f9feff13f0f9492cdb2c9afc633,Will the highest temperature in Hong Kong be 34°C on June 25?,interior,34.0,35.0,interior,32.9,,0xdc2b968fa4fdce8c68a21a68101a266cf5ec1f9feff13f0f9492cdb2c9afc633,0.0,0.0,event_day_open,31.7,33.192438734742005,1.450252927286364,0.1825047146061248,out_of_sample_validation,0.033307970853463,0.2015101433296517,0xdc2b968fa4fdce8c68a21a68101a266cf5ec1f9feff13f0f9492cdb2c9afc633,0xdc2b968fa4fdce8c68a21a68101a266cf5ec1f9feff13f0f9492cdb2c9afc633,will the highest temperature in hong kong be 34°c on june 25?,34.0,35.0,0.0395,1.064,0.0371240601503759,0.033307970853463,0.00156025,0.0013781958420487,0.2015101433296517,0.0403012967735256,0.0378307022226352,0.1430047146061248,interior,32.9,hot,0.12,0.01,True,-0.0395,0.01,-0.0495,0.0495,False,True
2026-06-26,0x08877a1cfdd84ddb68344b3aed493ea3bd1b6736c5c23daabf3d0ad1f81fd467,Will the highest temperature in Hong Kong be 29°C on June 26?,interior,29.0,30.0,interior,31.6,,0x08877a1cfdd84ddb68344b3aed493ea3bd1b6736c5c23daabf3d0ad1f81fd467,0.0,0.0,event_day_open,30.0,31.54488335469225,1.4494835881659642,0.1036849777946491,out_of_sample_validation,0.0107505746202768,0.1094633405167744,0x08877a1cfdd84ddb68344b3aed493ea3bd1b6736c5c23daabf3d0ad1f81fd467,0x08877a1cfdd84ddb68344b3aed493ea3bd1b6736c5c23daabf3d0ad1f81fd467,will the highest temperature in hong kong be 29°c on june 26?,29.0,30.0,0.004,1.0165,0.0039350713231677,0.0107505746202768,1.6e-05,1.5484786318417052e-05,0.1094633405167744,0.0040080213975388,0.0039428340877071,0.099684977794649,interior,31.6,hot,0.12,0.01,False,-0.0,0.0,-0.0,0.0,False,False
2026-06-27,0x684501479e01ef12e381ddc0ed555b09f8654e3696911babc451af2d99ca4062,Will the highest temperature in Hong Kong be 32°C on June 27?,interior,32.0,33.0,interior,30.2,,0x684501479e01ef12e381ddc0ed555b09f8654e3696911babc451af2d99ca4062,0.0,0.0,event_day_open,29.2,30.75871017096396,1.4494352280742289,0.1348757991626904,out_of_sample_validation,0.0181914811997744,0.1448821975745492,0x684501479e01ef12e381ddc0ed555b09f8654e3696911babc451af2d99ca4062,0x684501479e01ef12e381ddc0ed555b09f8654e3696911babc451af2d99ca4062,will the highest temperature in hong kong be 32°c on june 27?,32.0,33.0,0.04,1.0465,0.038222646918299,0.0181914811997743,0.0016,0.0014609707374409,0.1448821975745492,0.0408219945202551,0.0389722968062082,0.0948757991626904,interior,30.2,hot,0.12,0.01,False,-0.0,0.0,-0.0,0.0,False,False
2026-06-28,0xbc8471d83367716ae20cc4174e538244b6a4d07fc6e3de594b6dcafedb73aca2,Will the highest temperature in Hong Kong be 29°C on June 28?,interior,29.0,30.0,interior,30.0,,0xbc8471d83367716ae20cc4174e538244b6a4d07fc6e3de594b6dcafedb73aca2,0.0,0.0,event_day_open,28.7,30.26386259217888,1.4495151861374007,0.2361518392656993,out_of_sample_validation,0.0557676911885726,0.2693862520618941,0xbc8471d83367716ae20cc4174e538244b6a4d07fc6e3de594b6dcafedb73aca2,0xbc8471d83367716ae20cc4174e538244b6a4d07fc6e3de594b6dcafedb73aca2,will the highest temperature in hong kong be 29°c on june 28?,29.0,30.0,0.065,0.936,0.0694444444444444,0.0557676911885726,0.004225,0.0048225308641975,0.2693862520618939,0.0672087496934499,0.0719734996250892,0.1711518392656993,interior,30.0,hot,0.12,0.01,True,-0.065,0.01,-0.075,0.075,False,True
2026-06-29,0xf6ed2d3e8064d78e52ef21241bfd067d046dbf62a4a3f6f003cbfc9f89d51add,Will the highest temperature in Hong Kong be 33°C on June 29?,interior,33.0,34.0,interior,31.6,,0xf6ed2d3e8064d78e52ef21241bfd067d046dbf62a4a3f6f003cbfc9f89d51add,0.0,0.0,event_day_open,30.0,31.543287961829176,1.449516315325547,0.1124050537903172,out_of_sample_validation,0.0126348961176041,0.1192397817099813,0xf6ed2d3e8064d78e52ef21241bfd067d046dbf62a4a3f6f003cbfc9f89d51add,0xf6ed2d3e8064d78e52ef21241bfd067d046dbf62a4a3f6f003cbfc9f89d51add,will the highest temperature in hong kong be 33°c on june 29?,33.0,34.0,0.0285,1.042,0.0273512476007677,0.0126348961176041,0.00081225,0.0007480907453185,0.1192397817099812,0.0289140101646422,0.0277322564212575,0.0839050537903172,interior,31.6,hot,0.12,0.01,False,-0.0,0.0,-0.0,0.0,False,False
2026-06-30,0xa5a37b66cc78b2b9de7ca3c8f2758828c7542390c81b0459e65d02ef6632b402,Will the highest temperature in Hong Kong be 29°C on June 30?,interior,29.0,30.0,interior,32.1,,0xa5a37b66cc78b2b9de7ca3c8f2758828c7542390c81b0459e65d02ef6632b402,0.0,0.0,event_day_open,29.2,30.75809181172902,1.4494902263999294,0.187901751610198,out_of_sample_validation,0.0353070682581805,0.2081339505858874,0xa5a37b66cc78b2b9de7ca3c8f2758828c7542390c81b0459e65d02ef6632b402,0xa5a37b66cc78b2b9de7ca3c8f2758828c7542390c81b0459e65d02ef6632b402,will the highest temperature in hong kong be 29°c on june 30?,29.0,30.0,0.046,1.064,0.0432330827067669,0.0353070682581805,0.002116,0.0018690994403301,0.2081339505858873,0.0470916075338505,0.0441954727911216,0.141901751610198,interior,32.1,hot,0.12,0.01,True,-0.046,0.01,-0.056,0.056,False,True
