target_date,decision_rule,source_period,forecast_value_source,forecast_present,support_status
2026-03-16,24h_prior,historical_march_may,reconstructed_complete_hourly_path,True,VERIFIED_FORECAST_AVAILABLE
2026-03-16,12h_prior,,,False,NO_INDEPENDENTLY_VERIFIED_HISTORICAL_PATH
2026-03-16,6h_prior,,,False,NO_INDEPENDENTLY_VERIFIED_HISTORICAL_PATH
2026-03-16,event_day_open,,,False,NO_INDEPENDENTLY_VERIFIED_HISTORICAL_PATH
2026-03-17,24h_prior,,,False,NO_INDEPENDENTLY_VERIFIED_HISTORICAL_PATH
2026-03-17,12h_prior,,,False,NO_INDEPENDENTLY_VERIFIED_HISTORICAL_PATH
2026-03-17,6h_prior,historical_march_may,reconstructed_complete_hourly_path,True,VERIFIED_FORECAST_AVAILABLE
2026-03-17,event_day_open,,,False,NO_INDEPENDENTLY_VERIFIED_HISTORICAL_PATH
2026-03-18,24h_prior,,,False,NO_INDEPENDENTLY_VERIFIED_HISTORICAL_PATH
2026-03-18,12h_prior,historical_march_may,reconstructed_complete_hourly_path,True,VERIFIED_FORECAST_AVAILABLE
2026-03-18,6h_prior,historical_march_may,reconstructed_complete_hourly_path,True,VERIFIED_FORECAST_AVAILABLE
2026-03-18,event_day_open,,,False,NO_INDEPENDENTLY_VERIFIED_HISTORICAL_PATH
2026-03-19,24h_prior,,,False,NO_INDEPENDENTLY_VERIFIED_HISTORICAL_PATH
2026-03-19,12h_prior,,,False,NO_INDEPENDENTLY_VERIFIED_HISTORICAL_PATH
2026-03-19,6h_prior,,,False,NO_INDEPENDENTLY_VERIFIED_HISTORICAL_PATH
2026-03-19,event_day_open,,,False,NO_INDEPENDENTLY_VERIFIED_HISTORICAL_PATH
2026-03-21,24h_prior,,,False,NO_INDEPENDENTLY_VERIFIED_HISTORICAL_PATH
2026-03-21,12h_prior,historical_march_may,reconstructed_complete_hourly_path,True,VERIFIED_FORECAST_AVAILABLE
2026-03-21,6h_prior,,,False,NO_INDEPENDENTLY_VERIFIED_HISTORICAL_PATH
2026-03-21,event_day_open,,,False,NO_INDEPENDENTLY_VERIFIED_HISTORICAL_PATH
2026-03-22,24h_prior,,,False,NO_INDEPENDENTLY_VERIFIED_HISTORICAL_PATH
2026-03-22,12h_prior,historical_march_may,reconstructed_complete_hourly_path,True,VERIFIED_FORECAST_AVAILABLE
2026-03-22,6h_prior,,,False,NO_INDEPENDENTLY_VERIFIED_HISTORICAL_PATH
2026-03-22,event_day_open,historical_march_may,reconstructed_complete_hourly_path,True,VERIFIED_FORECAST_AVAILABLE
2026-03-23,24h_prior,historical_march_may,reconstructed_complete_hourly_path,True,VERIFIED_FORECAST_AVAILABLE
2026-03-23,12h_prior,historical_march_may,reconstructed_complete_hourly_path,True,VERIFIED_FORECAST_AVAILABLE
2026-03-23,6h_prior,,,False,NO_INDEPENDENTLY_VERIFIED_HISTORICAL_PATH
2026-03-23,event_day_open,historical_march_may,reconstructed_complete_hourly_path,True,VERIFIED_FORECAST_AVAILABLE
2026-03-24,24h_prior,historical_march_may,reconstructed_complete_hourly_path,True,VERIFIED_FORECAST_AVAILABLE
2026-03-24,12h_prior,,,False,NO_INDEPENDENTLY_VERIFIED_HISTORICAL_PATH
2026-03-24,6h_prior,,,False,NO_INDEPENDENTLY_VERIFIED_HISTORICAL_PATH
2026-03-24,event_day_open,historical_march_may,reconstructed_complete_hourly_path,True,VERIFIED_FORECAST_AVAILABLE
2026-03-25,24h_prior,historical_march_may,reconstructed_complete_hourly_path,True,VERIFIED_FORECAST_AVAILABLE
2026-03-25,12h_prior,,,False,NO_INDEPENDENTLY_VERIFIED_HISTORICAL_PATH
2026-03-25,6h_prior,,,False,NO_INDEPENDENTLY_VERIFIED_HISTORICAL_PATH
2026-03-25,event_day_open,,,False,NO_INDEPENDENTLY_VERIFIED_HISTORICAL_PATH
2026-03-26,24h_prior,,,False,NO_INDEPENDENTLY_VERIFIED_HISTORICAL_PATH
2026-03-26,12h_prior,,,False,NO_INDEPENDENTLY_VERIFIED_HISTORICAL_PATH
2026-03-26,6h_prior,,,False,NO_INDEPENDENTLY_VERIFIED_HISTORICAL_PATH
2026-03-26,event_day_open,historical_march_may,reconstructed_complete_hourly_path,True,VERIFIED_FORECAST_AVAILABLE
2026-03-27,24h_prior,historical_march_may,reconstructed_complete_hourly_path,True,VERIFIED_FORECAST_AVAILABLE
2026-03-27,12h_prior,,,False,NO_INDEPENDENTLY_VERIFIED_HISTORICAL_PATH
2026-03-27,6h_prior,,,False,NO_INDEPENDENTLY_VERIFIED_HISTORICAL_PATH
2026-03-27,event_day_open,historical_march_may,reconstructed_complete_hourly_path,True,VERIFIED_FORECAST_AVAILABLE
2026-03-28,24h_prior,historical_march_may,reconstructed_complete_hourly_path,True,VERIFIED_FORECAST_AVAILABLE
2026-03-28,12h_prior,,,False,NO_INDEPENDENTLY_VERIFIED_HISTORICAL_PATH
2026-03-28,6h_prior,historical_march_may,reconstructed_complete_hourly_path,True,VERIFIED_FORECAST_AVAILABLE
2026-03-28,event_day_open,historical_march_may,reconstructed_complete_hourly_path,True,VERIFIED_FORECAST_AVAILABLE
2026-03-29,24h_prior,historical_march_may,reconstructed_complete_hourly_path,True,VERIFIED_FORECAST_AVAILABLE
2026-03-29,12h_prior,,,False,NO_INDEPENDENTLY_VERIFIED_HISTORICAL_PATH
2026-03-29,6h_prior,,,False,NO_INDEPENDENTLY_VERIFIED_HISTORICAL_PATH
2026-03-29,event_day_open,historical_march_may,reconstructed_complete_hourly_path,True,VERIFIED_FORECAST_AVAILABLE
2026-03-30,24h_prior,historical_march_may,reconstructed_complete_hourly_path,True,VERIFIED_FORECAST_AVAILABLE
2026-03-30,12h_prior,,,False,NO_INDEPENDENTLY_VERIFIED_HISTORICAL_PATH
2026-03-30,6h_prior,,,False,NO_INDEPENDENTLY_VERIFIED_HISTORICAL_PATH
2026-03-30,event_day_open,,,False,NO_INDEPENDENTLY_VERIFIED_HISTORICAL_PATH
2026-04-01,24h_prior,historical_march_may,reconstructed_complete_hourly_path,True,VERIFIED_FORECAST_AVAILABLE
2026-04-01,12h_prior,historical_march_may,reconstructed_complete_hourly_path,True,VERIFIED_FORECAST_AVAILABLE
2026-04-01,6h_prior,historical_march_may,reconstructed_complete_hourly_path,True,VERIFIED_FORECAST_AVAILABLE
2026-04-01,event_day_open,,,False,NO_INDEPENDENTLY_VERIFIED_HISTORICAL_PATH
2026-04-02,24h_prior,,,False,NO_INDEPENDENTLY_VERIFIED_HISTORICAL_PATH
2026-04-02,12h_prior,historical_march_may,reconstructed_complete_hourly_path,True,VERIFIED_FORECAST_AVAILABLE
2026-04-02,6h_prior,historical_march_may,reconstructed_complete_hourly_path,True,VERIFIED_FORECAST_AVAILABLE
2026-04-02,event_day_open,historical_march_may,reconstructed_complete_hourly_path,True,VERIFIED_FORECAST_AVAILABLE
2026-04-03,24h_prior,historical_march_may,reconstructed_complete_hourly_path,True,VERIFIED_FORECAST_AVAILABLE
2026-04-03,12h_prior,historical_march_may,reconstructed_complete_hourly_path,True,VERIFIED_FORECAST_AVAILABLE
2026-04-03,6h_prior,historical_march_may,reconstructed_complete_hourly_path,True,VERIFIED_FORECAST_AVAILABLE
2026-04-03,event_day_open,historical_march_may,reconstructed_complete_hourly_path,True,VERIFIED_FORECAST_AVAILABLE
2026-04-04,24h_prior,historical_march_may,reconstructed_complete_hourly_path,True,VERIFIED_FORECAST_AVAILABLE
2026-04-04,12h_prior,historical_march_may,reconstructed_complete_hourly_path,True,VERIFIED_FORECAST_AVAILABLE
2026-04-04,6h_prior,historical_march_may,reconstructed_complete_hourly_path,True,VERIFIED_FORECAST_AVAILABLE
2026-04-04,event_day_open,historical_march_may,reconstructed_complete_hourly_path,True,VERIFIED_FORECAST_AVAILABLE
2026-04-05,24h_prior,historical_march_may,reconstructed_complete_hourly_path,True,VERIFIED_FORECAST_AVAILABLE
2026-04-05,12h_prior,historical_march_may,reconstructed_complete_hourly_path,True,VERIFIED_FORECAST_AVAILABLE
2026-04-05,6h_prior,historical_march_may,reconstructed_complete_hourly_path,True,VERIFIED_FORECAST_AVAILABLE
2026-04-05,event_day_open,historical_march_may,reconstructed_complete_hourly_path,True,VERIFIED_FORECAST_AVAILABLE
2026-04-06,24h_prior,historical_march_may,reconstructed_complete_hourly_path,True,VERIFIED_FORECAST_AVAILABLE
2026-04-06,12h_prior,historical_march_may,reconstructed_complete_hourly_path,True,VERIFIED_FORECAST_AVAILABLE
2026-04-06,6h_prior,historical_march_may,reconstructed_complete_hourly_path,True,VERIFIED_FORECAST_AVAILABLE
2026-04-06,event_day_open,historical_march_may,reconstructed_complete_hourly_path,True,VERIFIED_FORECAST_AVAILABLE
2026-04-07,24h_prior,historical_march_may,reconstructed_complete_hourly_path,True,VERIFIED_FORECAST_AVAILABLE
2026-04-07,12h_prior,historical_march_may,reconstructed_complete_hourly_path,True,VERIFIED_FORECAST_AVAILABLE
2026-04-07,6h_prior,historical_march_may,reconstructed_complete_hourly_path,True,VERIFIED_FORECAST_AVAILABLE
2026-04-07,event_day_open,historical_march_may,reconstructed_complete_hourly_path,True,VERIFIED_FORECAST_AVAILABLE
2026-04-08,24h_prior,historical_march_may,reconstructed_complete_hourly_path,True,VERIFIED_FORECAST_AVAILABLE
2026-04-08,12h_prior,historical_march_may,reconstructed_complete_hourly_path,True,VERIFIED_FORECAST_AVAILABLE
2026-04-08,6h_prior,historical_march_may,reconstructed_complete_hourly_path,True,VERIFIED_FORECAST_AVAILABLE
2026-04-08,event_day_open,historical_march_may,reconstructed_complete_hourly_path,True,VERIFIED_FORECAST_AVAILABLE
2026-04-09,24h_prior,historical_march_may,reconstructed_complete_hourly_path,True,VERIFIED_FORECAST_AVAILABLE
2026-04-09,12h_prior,historical_march_may,reconstructed_complete_hourly_path,True,VERIFIED_FORECAST_AVAILABLE
2026-04-09,6h_prior,historical_march_may,reconstructed_complete_hourly_path,True,VERIFIED_FORECAST_AVAILABLE
2026-04-09,event_day_open,historical_march_may,reconstructed_complete_hourly_path,True,VERIFIED_FORECAST_AVAILABLE
2026-04-10,24h_prior,historical_march_may,reconstructed_complete_hourly_path,True,VERIFIED_FORECAST_AVAILABLE
2026-04-10,12h_prior,historical_march_may,reconstructed_complete_hourly_path,True,VERIFIED_FORECAST_AVAILABLE
2026-04-10,6h_prior,historical_march_may,reconstructed_complete_hourly_path,True,VERIFIED_FORECAST_AVAILABLE
2026-04-10,event_day_open,historical_march_may,reconstructed_complete_hourly_path,True,VERIFIED_FORECAST_AVAILABLE
2026-04-11,24h_prior,historical_march_may,reconstructed_complete_hourly_path,True,VERIFIED_FORECAST_AVAILABLE
2026-04-11,12h_prior,historical_march_may,reconstructed_complete_hourly_path,True,VERIFIED_FORECAST_AVAILABLE
2026-04-11,6h_prior,historical_march_may,reconstructed_complete_hourly_path,True,VERIFIED_FORECAST_AVAILABLE
2026-04-11,event_day_open,historical_march_may,reconstructed_complete_hourly_path,True,VERIFIED_FORECAST_AVAILABLE
2026-04-12,24h_prior,historical_march_may,reconstructed_complete_hourly_path,True,VERIFIED_FORECAST_AVAILABLE
2026-04-12,12h_prior,historical_march_may,reconstructed_complete_hourly_path,True,VERIFIED_FORECAST_AVAILABLE
2026-04-12,6h_prior,historical_march_may,reconstructed_complete_hourly_path,True,VERIFIED_FORECAST_AVAILABLE
2026-04-12,event_day_open,historical_march_may,reconstructed_complete_hourly_path,True,VERIFIED_FORECAST_AVAILABLE
2026-04-13,24h_prior,historical_march_may,reconstructed_complete_hourly_path,True,VERIFIED_FORECAST_AVAILABLE
2026-04-13,12h_prior,historical_march_may,reconstructed_complete_hourly_path,True,VERIFIED_FORECAST_AVAILABLE
2026-04-13,6h_prior,historical_march_may,reconstructed_complete_hourly_path,True,VERIFIED_FORECAST_AVAILABLE
2026-04-13,event_day_open,historical_march_may,reconstructed_complete_hourly_path,True,VERIFIED_FORECAST_AVAILABLE
2026-04-14,24h_prior,historical_march_may,reconstructed_complete_hourly_path,True,VERIFIED_FORECAST_AVAILABLE
2026-04-14,12h_prior,historical_march_may,reconstructed_complete_hourly_path,True,VERIFIED_FORECAST_AVAILABLE
2026-04-14,6h_prior,historical_march_may,reconstructed_complete_hourly_path,True,VERIFIED_FORECAST_AVAILABLE
2026-04-14,event_day_open,historical_march_may,reconstructed_complete_hourly_path,True,VERIFIED_FORECAST_AVAILABLE
2026-04-15,24h_prior,historical_march_may,reconstructed_complete_hourly_path,True,VERIFIED_FORECAST_AVAILABLE
2026-04-15,12h_prior,historical_march_may,reconstructed_complete_hourly_path,True,VERIFIED_FORECAST_AVAILABLE
2026-04-15,6h_prior,historical_march_may,reconstructed_complete_hourly_path,True,VERIFIED_FORECAST_AVAILABLE
2026-04-15,event_day_open,historical_march_may,reconstructed_complete_hourly_path,True,VERIFIED_FORECAST_AVAILABLE
2026-04-16,24h_prior,historical_march_may,reconstructed_complete_hourly_path,True,VERIFIED_FORECAST_AVAILABLE
2026-04-16,12h_prior,historical_march_may,reconstructed_complete_hourly_path,True,VERIFIED_FORECAST_AVAILABLE
2026-04-16,6h_prior,historical_march_may,reconstructed_complete_hourly_path,True,VERIFIED_FORECAST_AVAILABLE
2026-04-16,event_day_open,historical_march_may,reconstructed_complete_hourly_path,True,VERIFIED_FORECAST_AVAILABLE
2026-04-17,24h_prior,historical_march_may,reconstructed_complete_hourly_path,True,VERIFIED_FORECAST_AVAILABLE
2026-04-17,12h_prior,historical_march_may,reconstructed_complete_hourly_path,True,VERIFIED_FORECAST_AVAILABLE
2026-04-17,6h_prior,historical_march_may,reconstructed_complete_hourly_path,True,VERIFIED_FORECAST_AVAILABLE
2026-04-17,event_day_open,historical_march_may,reconstructed_complete_hourly_path,True,VERIFIED_FORECAST_AVAILABLE
2026-04-18,24h_prior,historical_march_may,reconstructed_complete_hourly_path,True,VERIFIED_FORECAST_AVAILABLE
2026-04-18,12h_prior,historical_march_may,reconstructed_complete_hourly_path,True,VERIFIED_FORECAST_AVAILABLE
2026-04-18,6h_prior,historical_march_may,reconstructed_complete_hourly_path,True,VERIFIED_FORECAST_AVAILABLE
2026-04-18,event_day_open,historical_march_may,reconstructed_complete_hourly_path,True,VERIFIED_FORECAST_AVAILABLE
2026-04-19,24h_prior,historical_march_may,reconstructed_complete_hourly_path,True,VERIFIED_FORECAST_AVAILABLE
2026-04-19,12h_prior,historical_march_may,reconstructed_complete_hourly_path,True,VERIFIED_FORECAST_AVAILABLE
2026-04-19,6h_prior,historical_march_may,reconstructed_complete_hourly_path,True,VERIFIED_FORECAST_AVAILABLE
2026-04-19,event_day_open,historical_march_may,reconstructed_complete_hourly_path,True,VERIFIED_FORECAST_AVAILABLE
2026-04-20,24h_prior,historical_march_may,reconstructed_complete_hourly_path,True,VERIFIED_FORECAST_AVAILABLE
2026-04-20,12h_prior,historical_march_may,reconstructed_complete_hourly_path,True,VERIFIED_FORECAST_AVAILABLE
2026-04-20,6h_prior,historical_march_may,reconstructed_complete_hourly_path,True,VERIFIED_FORECAST_AVAILABLE
2026-04-20,event_day_open,historical_march_may,reconstructed_complete_hourly_path,True,VERIFIED_FORECAST_AVAILABLE
2026-04-21,24h_prior,historical_march_may,reconstructed_complete_hourly_path,True,VERIFIED_FORECAST_AVAILABLE
2026-04-21,12h_prior,historical_march_may,reconstructed_complete_hourly_path,True,VERIFIED_FORECAST_AVAILABLE
2026-04-21,6h_prior,historical_march_may,reconstructed_complete_hourly_path,True,VERIFIED_FORECAST_AVAILABLE
2026-04-21,event_day_open,historical_march_may,reconstructed_complete_hourly_path,True,VERIFIED_FORECAST_AVAILABLE
2026-04-22,24h_prior,historical_march_may,reconstructed_complete_hourly_path,True,VERIFIED_FORECAST_AVAILABLE
2026-04-22,12h_prior,historical_march_may,reconstructed_complete_hourly_path,True,VERIFIED_FORECAST_AVAILABLE
2026-04-22,6h_prior,historical_march_may,reconstructed_complete_hourly_path,True,VERIFIED_FORECAST_AVAILABLE
2026-04-22,event_day_open,historical_march_may,reconstructed_complete_hourly_path,True,VERIFIED_FORECAST_AVAILABLE
2026-04-23,24h_prior,historical_march_may,reconstructed_complete_hourly_path,True,VERIFIED_FORECAST_AVAILABLE
2026-04-23,12h_prior,historical_march_may,reconstructed_complete_hourly_path,True,VERIFIED_FORECAST_AVAILABLE
2026-04-23,6h_prior,historical_march_may,reconstructed_complete_hourly_path,True,VERIFIED_FORECAST_AVAILABLE
2026-04-23,event_day_open,historical_march_may,reconstructed_complete_hourly_path,True,VERIFIED_FORECAST_AVAILABLE
2026-04-24,24h_prior,historical_march_may,reconstructed_complete_hourly_path,True,VERIFIED_FORECAST_AVAILABLE
2026-04-24,12h_prior,historical_march_may,reconstructed_complete_hourly_path,True,VERIFIED_FORECAST_AVAILABLE
2026-04-24,6h_prior,historical_march_may,reconstructed_complete_hourly_path,True,VERIFIED_FORECAST_AVAILABLE
2026-04-24,event_day_open,historical_march_may,reconstructed_complete_hourly_path,True,VERIFIED_FORECAST_AVAILABLE
2026-04-25,24h_prior,historical_march_may,reconstructed_complete_hourly_path,True,VERIFIED_FORECAST_AVAILABLE
2026-04-25,12h_prior,historical_march_may,reconstructed_complete_hourly_path,True,VERIFIED_FORECAST_AVAILABLE
2026-04-25,6h_prior,historical_march_may,reconstructed_complete_hourly_path,True,VERIFIED_FORECAST_AVAILABLE
2026-04-25,event_day_open,historical_march_may,reconstructed_complete_hourly_path,True,VERIFIED_FORECAST_AVAILABLE
2026-04-26,24h_prior,historical_march_may,reconstructed_complete_hourly_path,True,VERIFIED_FORECAST_AVAILABLE
2026-04-26,12h_prior,historical_march_may,reconstructed_complete_hourly_path,True,VERIFIED_FORECAST_AVAILABLE
2026-04-26,6h_prior,historical_march_may,reconstructed_complete_hourly_path,True,VERIFIED_FORECAST_AVAILABLE
2026-04-26,event_day_open,historical_march_may,reconstructed_complete_hourly_path,True,VERIFIED_FORECAST_AVAILABLE
2026-04-27,24h_prior,historical_march_may,reconstructed_complete_hourly_path,True,VERIFIED_FORECAST_AVAILABLE
2026-04-27,12h_prior,historical_march_may,reconstructed_complete_hourly_path,True,VERIFIED_FORECAST_AVAILABLE
2026-04-27,6h_prior,historical_march_may,reconstructed_complete_hourly_path,True,VERIFIED_FORECAST_AVAILABLE
2026-04-27,event_day_open,historical_march_may,reconstructed_complete_hourly_path,True,VERIFIED_FORECAST_AVAILABLE
2026-04-28,24h_prior,historical_march_may,reconstructed_complete_hourly_path,True,VERIFIED_FORECAST_AVAILABLE
2026-04-28,12h_prior,historical_march_may,reconstructed_complete_hourly_path,True,VERIFIED_FORECAST_AVAILABLE
2026-04-28,6h_prior,historical_march_may,reconstructed_complete_hourly_path,True,VERIFIED_FORECAST_AVAILABLE
2026-04-28,event_day_open,historical_march_may,reconstructed_complete_hourly_path,True,VERIFIED_FORECAST_AVAILABLE
2026-04-29,24h_prior,historical_march_may,reconstructed_complete_hourly_path,True,VERIFIED_FORECAST_AVAILABLE
2026-04-29,12h_prior,historical_march_may,reconstructed_complete_hourly_path,True,VERIFIED_FORECAST_AVAILABLE
2026-04-29,6h_prior,historical_march_may,reconstructed_complete_hourly_path,True,VERIFIED_FORECAST_AVAILABLE
2026-04-29,event_day_open,historical_march_may,reconstructed_complete_hourly_path,True,VERIFIED_FORECAST_AVAILABLE
2026-04-30,24h_prior,historical_march_may,reconstructed_complete_hourly_path,True,VERIFIED_FORECAST_AVAILABLE
2026-04-30,12h_prior,historical_march_may,reconstructed_complete_hourly_path,True,VERIFIED_FORECAST_AVAILABLE
2026-04-30,6h_prior,historical_march_may,reconstructed_complete_hourly_path,True,VERIFIED_FORECAST_AVAILABLE
2026-04-30,event_day_open,historical_march_may,reconstructed_complete_hourly_path,True,VERIFIED_FORECAST_AVAILABLE
2026-05-01,24h_prior,historical_march_may,reconstructed_complete_hourly_path,True,VERIFIED_FORECAST_AVAILABLE
2026-05-01,12h_prior,historical_march_may,reconstructed_complete_hourly_path,True,VERIFIED_FORECAST_AVAILABLE
2026-05-01,6h_prior,historical_march_may,reconstructed_complete_hourly_path,True,VERIFIED_FORECAST_AVAILABLE
2026-05-01,event_day_open,historical_march_may,reconstructed_complete_hourly_path,True,VERIFIED_FORECAST_AVAILABLE
2026-05-02,24h_prior,historical_march_may,reconstructed_complete_hourly_path,True,VERIFIED_FORECAST_AVAILABLE
2026-05-02,12h_prior,historical_march_may,reconstructed_complete_hourly_path,True,VERIFIED_FORECAST_AVAILABLE
2026-05-02,6h_prior,historical_march_may,reconstructed_complete_hourly_path,True,VERIFIED_FORECAST_AVAILABLE
2026-05-02,event_day_open,historical_march_may,reconstructed_complete_hourly_path,True,VERIFIED_FORECAST_AVAILABLE
2026-05-03,24h_prior,historical_march_may,reconstructed_complete_hourly_path,True,VERIFIED_FORECAST_AVAILABLE
2026-05-03,12h_prior,historical_march_may,reconstructed_complete_hourly_path,True,VERIFIED_FORECAST_AVAILABLE
2026-05-03,6h_prior,historical_march_may,reconstructed_complete_hourly_path,True,VERIFIED_FORECAST_AVAILABLE
2026-05-03,event_day_open,historical_march_may,reconstructed_complete_hourly_path,True,VERIFIED_FORECAST_AVAILABLE
2026-05-04,24h_prior,historical_march_may,reconstructed_complete_hourly_path,True,VERIFIED_FORECAST_AVAILABLE
2026-05-04,12h_prior,historical_march_may,reconstructed_complete_hourly_path,True,VERIFIED_FORECAST_AVAILABLE
2026-05-04,6h_prior,historical_march_may,reconstructed_complete_hourly_path,True,VERIFIED_FORECAST_AVAILABLE
2026-05-04,event_day_open,historical_march_may,reconstructed_complete_hourly_path,True,VERIFIED_FORECAST_AVAILABLE
2026-05-05,24h_prior,historical_march_may,reconstructed_complete_hourly_path,True,VERIFIED_FORECAST_AVAILABLE
2026-05-05,12h_prior,historical_march_may,reconstructed_complete_hourly_path,True,VERIFIED_FORECAST_AVAILABLE
2026-05-05,6h_prior,historical_march_may,reconstructed_complete_hourly_path,True,VERIFIED_FORECAST_AVAILABLE
2026-05-05,event_day_open,historical_march_may,reconstructed_complete_hourly_path,True,VERIFIED_FORECAST_AVAILABLE
2026-05-06,24h_prior,historical_march_may,reconstructed_complete_hourly_path,True,VERIFIED_FORECAST_AVAILABLE
2026-05-06,12h_prior,historical_march_may,reconstructed_complete_hourly_path,True,VERIFIED_FORECAST_AVAILABLE
2026-05-06,6h_prior,historical_march_may,reconstructed_complete_hourly_path,True,VERIFIED_FORECAST_AVAILABLE
2026-05-06,event_day_open,historical_march_may,reconstructed_complete_hourly_path,True,VERIFIED_FORECAST_AVAILABLE
2026-05-07,24h_prior,historical_march_may,reconstructed_complete_hourly_path,True,VERIFIED_FORECAST_AVAILABLE
2026-05-07,12h_prior,historical_march_may,reconstructed_complete_hourly_path,True,VERIFIED_FORECAST_AVAILABLE
2026-05-07,6h_prior,historical_march_may,reconstructed_complete_hourly_path,True,VERIFIED_FORECAST_AVAILABLE
2026-05-07,event_day_open,historical_march_may,reconstructed_complete_hourly_path,True,VERIFIED_FORECAST_AVAILABLE
2026-05-08,24h_prior,historical_march_may,reconstructed_complete_hourly_path,True,VERIFIED_FORECAST_AVAILABLE
2026-05-08,12h_prior,historical_march_may,reconstructed_complete_hourly_path,True,VERIFIED_FORECAST_AVAILABLE
2026-05-08,6h_prior,historical_march_may,reconstructed_complete_hourly_path,True,VERIFIED_FORECAST_AVAILABLE
2026-05-08,event_day_open,historical_march_may,reconstructed_complete_hourly_path,True,VERIFIED_FORECAST_AVAILABLE
2026-05-09,24h_prior,historical_march_may,reconstructed_complete_hourly_path,True,VERIFIED_FORECAST_AVAILABLE
2026-05-09,12h_prior,historical_march_may,reconstructed_complete_hourly_path,True,VERIFIED_FORECAST_AVAILABLE
2026-05-09,6h_prior,historical_march_may,reconstructed_complete_hourly_path,True,VERIFIED_FORECAST_AVAILABLE
2026-05-09,event_day_open,historical_march_may,reconstructed_complete_hourly_path,True,VERIFIED_FORECAST_AVAILABLE
2026-05-10,24h_prior,historical_march_may,reconstructed_complete_hourly_path,True,VERIFIED_FORECAST_AVAILABLE
2026-05-10,12h_prior,historical_march_may,reconstructed_complete_hourly_path,True,VERIFIED_FORECAST_AVAILABLE
2026-05-10,6h_prior,historical_march_may,reconstructed_complete_hourly_path,True,VERIFIED_FORECAST_AVAILABLE
2026-05-10,event_day_open,historical_march_may,reconstructed_complete_hourly_path,True,VERIFIED_FORECAST_AVAILABLE
2026-05-11,24h_prior,historical_march_may,reconstructed_complete_hourly_path,True,VERIFIED_FORECAST_AVAILABLE
2026-05-11,12h_prior,historical_march_may,reconstructed_complete_hourly_path,True,VERIFIED_FORECAST_AVAILABLE
2026-05-11,6h_prior,historical_march_may,reconstructed_complete_hourly_path,True,VERIFIED_FORECAST_AVAILABLE
2026-05-11,event_day_open,historical_march_may,reconstructed_complete_hourly_path,True,VERIFIED_FORECAST_AVAILABLE
2026-05-12,24h_prior,historical_march_may,reconstructed_complete_hourly_path,True,VERIFIED_FORECAST_AVAILABLE
2026-05-12,12h_prior,historical_march_may,reconstructed_complete_hourly_path,True,VERIFIED_FORECAST_AVAILABLE
2026-05-12,6h_prior,historical_march_may,reconstructed_complete_hourly_path,True,VERIFIED_FORECAST_AVAILABLE
2026-05-12,event_day_open,historical_march_may,reconstructed_complete_hourly_path,True,VERIFIED_FORECAST_AVAILABLE
2026-05-13,24h_prior,historical_march_may,reconstructed_complete_hourly_path,True,VERIFIED_FORECAST_AVAILABLE
2026-05-13,12h_prior,historical_march_may,reconstructed_complete_hourly_path,True,VERIFIED_FORECAST_AVAILABLE
2026-05-13,6h_prior,historical_march_may,reconstructed_complete_hourly_path,True,VERIFIED_FORECAST_AVAILABLE
2026-05-13,event_day_open,historical_march_may,reconstructed_complete_hourly_path,True,VERIFIED_FORECAST_AVAILABLE
2026-05-14,24h_prior,historical_march_may,reconstructed_complete_hourly_path,True,VERIFIED_FORECAST_AVAILABLE
2026-05-14,12h_prior,historical_march_may,reconstructed_complete_hourly_path,True,VERIFIED_FORECAST_AVAILABLE
2026-05-14,6h_prior,historical_march_may,reconstructed_complete_hourly_path,True,VERIFIED_FORECAST_AVAILABLE
2026-05-14,event_day_open,historical_march_may,reconstructed_complete_hourly_path,True,VERIFIED_FORECAST_AVAILABLE
2026-05-15,24h_prior,historical_march_may,reconstructed_complete_hourly_path,True,VERIFIED_FORECAST_AVAILABLE
2026-05-15,12h_prior,historical_march_may,reconstructed_complete_hourly_path,True,VERIFIED_FORECAST_AVAILABLE
2026-05-15,6h_prior,historical_march_may,reconstructed_complete_hourly_path,True,VERIFIED_FORECAST_AVAILABLE
2026-05-15,event_day_open,historical_march_may,reconstructed_complete_hourly_path,True,VERIFIED_FORECAST_AVAILABLE
2026-05-16,24h_prior,historical_march_may,reconstructed_complete_hourly_path,True,VERIFIED_FORECAST_AVAILABLE
2026-05-16,12h_prior,historical_march_may,reconstructed_complete_hourly_path,True,VERIFIED_FORECAST_AVAILABLE
2026-05-16,6h_prior,historical_march_may,reconstructed_complete_hourly_path,True,VERIFIED_FORECAST_AVAILABLE
2026-05-16,event_day_open,historical_march_may,reconstructed_complete_hourly_path,True,VERIFIED_FORECAST_AVAILABLE
2026-05-19,24h_prior,historical_march_may,reconstructed_complete_hourly_path,True,VERIFIED_FORECAST_AVAILABLE
2026-05-19,12h_prior,historical_march_may,reconstructed_complete_hourly_path,True,VERIFIED_FORECAST_AVAILABLE
2026-05-19,6h_prior,historical_march_may,reconstructed_complete_hourly_path,True,VERIFIED_FORECAST_AVAILABLE
2026-05-19,event_day_open,historical_march_may,reconstructed_complete_hourly_path,True,VERIFIED_FORECAST_AVAILABLE
2026-05-20,24h_prior,historical_march_may,reconstructed_complete_hourly_path,True,VERIFIED_FORECAST_AVAILABLE
2026-05-20,12h_prior,historical_march_may,reconstructed_complete_hourly_path,True,VERIFIED_FORECAST_AVAILABLE
2026-05-20,6h_prior,historical_march_may,reconstructed_complete_hourly_path,True,VERIFIED_FORECAST_AVAILABLE
2026-05-20,event_day_open,historical_march_may,reconstructed_complete_hourly_path,True,VERIFIED_FORECAST_AVAILABLE
2026-05-21,24h_prior,historical_march_may,reconstructed_complete_hourly_path,True,VERIFIED_FORECAST_AVAILABLE
2026-05-21,12h_prior,historical_march_may,reconstructed_complete_hourly_path,True,VERIFIED_FORECAST_AVAILABLE
2026-05-21,6h_prior,historical_march_may,reconstructed_complete_hourly_path,True,VERIFIED_FORECAST_AVAILABLE
2026-05-21,event_day_open,historical_march_may,reconstructed_complete_hourly_path,True,VERIFIED_FORECAST_AVAILABLE
2026-05-22,24h_prior,historical_march_may,reconstructed_complete_hourly_path,True,VERIFIED_FORECAST_AVAILABLE
2026-05-22,12h_prior,historical_march_may,reconstructed_complete_hourly_path,True,VERIFIED_FORECAST_AVAILABLE
2026-05-22,6h_prior,historical_march_may,reconstructed_complete_hourly_path,True,VERIFIED_FORECAST_AVAILABLE
2026-05-22,event_day_open,historical_march_may,reconstructed_complete_hourly_path,True,VERIFIED_FORECAST_AVAILABLE
2026-05-23,24h_prior,historical_march_may,reconstructed_complete_hourly_path,True,VERIFIED_FORECAST_AVAILABLE
2026-05-23,12h_prior,historical_march_may,reconstructed_complete_hourly_path,True,VERIFIED_FORECAST_AVAILABLE
2026-05-23,6h_prior,historical_march_may,reconstructed_complete_hourly_path,True,VERIFIED_FORECAST_AVAILABLE
2026-05-23,event_day_open,historical_march_may,reconstructed_complete_hourly_path,True,VERIFIED_FORECAST_AVAILABLE
2026-05-24,24h_prior,historical_march_may,reconstructed_complete_hourly_path,True,VERIFIED_FORECAST_AVAILABLE
2026-05-24,12h_prior,historical_march_may,reconstructed_complete_hourly_path,True,VERIFIED_FORECAST_AVAILABLE
2026-05-24,6h_prior,historical_march_may,reconstructed_complete_hourly_path,True,VERIFIED_FORECAST_AVAILABLE
2026-05-24,event_day_open,historical_march_may,reconstructed_complete_hourly_path,True,VERIFIED_FORECAST_AVAILABLE
2026-05-25,24h_prior,historical_march_may,reconstructed_complete_hourly_path,True,VERIFIED_FORECAST_AVAILABLE
2026-05-25,12h_prior,historical_march_may,reconstructed_complete_hourly_path,True,VERIFIED_FORECAST_AVAILABLE
2026-05-25,6h_prior,historical_march_may,reconstructed_complete_hourly_path,True,VERIFIED_FORECAST_AVAILABLE
2026-05-25,event_day_open,historical_march_may,reconstructed_complete_hourly_path,True,VERIFIED_FORECAST_AVAILABLE
2026-05-26,24h_prior,historical_march_may,reconstructed_complete_hourly_path,True,VERIFIED_FORECAST_AVAILABLE
2026-05-26,12h_prior,historical_march_may,reconstructed_complete_hourly_path,True,VERIFIED_FORECAST_AVAILABLE
2026-05-26,6h_prior,historical_march_may,reconstructed_complete_hourly_path,True,VERIFIED_FORECAST_AVAILABLE
2026-05-26,event_day_open,historical_march_may,reconstructed_complete_hourly_path,True,VERIFIED_FORECAST_AVAILABLE
2026-05-27,24h_prior,historical_march_may,reconstructed_complete_hourly_path,True,VERIFIED_FORECAST_AVAILABLE
2026-05-27,12h_prior,historical_march_may,reconstructed_complete_hourly_path,True,VERIFIED_FORECAST_AVAILABLE
2026-05-27,6h_prior,historical_march_may,reconstructed_complete_hourly_path,True,VERIFIED_FORECAST_AVAILABLE
2026-05-27,event_day_open,historical_march_may,reconstructed_complete_hourly_path,True,VERIFIED_FORECAST_AVAILABLE
2026-05-28,24h_prior,historical_march_may,reconstructed_complete_hourly_path,True,VERIFIED_FORECAST_AVAILABLE
2026-05-28,12h_prior,historical_march_may,reconstructed_complete_hourly_path,True,VERIFIED_FORECAST_AVAILABLE
2026-05-28,6h_prior,historical_march_may,reconstructed_complete_hourly_path,True,VERIFIED_FORECAST_AVAILABLE
2026-05-28,event_day_open,historical_march_may,reconstructed_complete_hourly_path,True,VERIFIED_FORECAST_AVAILABLE
2026-05-29,24h_prior,historical_march_may,reconstructed_complete_hourly_path,True,VERIFIED_FORECAST_AVAILABLE
2026-05-29,12h_prior,historical_march_may,reconstructed_complete_hourly_path,True,VERIFIED_FORECAST_AVAILABLE
2026-05-29,6h_prior,historical_march_may,reconstructed_complete_hourly_path,True,VERIFIED_FORECAST_AVAILABLE
2026-05-29,event_day_open,historical_march_may,reconstructed_complete_hourly_path,True,VERIFIED_FORECAST_AVAILABLE
2026-05-30,24h_prior,historical_march_may,reconstructed_complete_hourly_path,True,VERIFIED_FORECAST_AVAILABLE
2026-05-30,12h_prior,historical_march_may,reconstructed_complete_hourly_path,True,VERIFIED_FORECAST_AVAILABLE
2026-05-30,6h_prior,historical_march_may,reconstructed_complete_hourly_path,True,VERIFIED_FORECAST_AVAILABLE
2026-05-30,event_day_open,historical_march_may,reconstructed_complete_hourly_path,True,VERIFIED_FORECAST_AVAILABLE
2026-05-31,24h_prior,historical_march_may,reconstructed_complete_hourly_path,True,VERIFIED_FORECAST_AVAILABLE
2026-05-31,12h_prior,historical_march_may,reconstructed_complete_hourly_path,True,VERIFIED_FORECAST_AVAILABLE
2026-05-31,6h_prior,historical_march_may,reconstructed_complete_hourly_path,True,VERIFIED_FORECAST_AVAILABLE
2026-05-31,event_day_open,historical_march_may,reconstructed_complete_hourly_path,True,VERIFIED_FORECAST_AVAILABLE
2026-06-01,24h_prior,june_external,reconstructed_complete_hourly_path,True,VERIFIED_FORECAST_AVAILABLE
2026-06-01,12h_prior,june_external,reconstructed_complete_hourly_path,True,VERIFIED_FORECAST_AVAILABLE
2026-06-01,6h_prior,june_external,reconstructed_complete_hourly_path,True,VERIFIED_FORECAST_AVAILABLE
2026-06-01,event_day_open,june_external,reconstructed_complete_hourly_path,True,VERIFIED_FORECAST_AVAILABLE
2026-06-02,24h_prior,june_external,reconstructed_complete_hourly_path,True,VERIFIED_FORECAST_AVAILABLE
2026-06-02,12h_prior,june_external,reconstructed_complete_hourly_path,True,VERIFIED_FORECAST_AVAILABLE
2026-06-02,6h_prior,june_external,reconstructed_complete_hourly_path,True,VERIFIED_FORECAST_AVAILABLE
2026-06-02,event_day_open,june_external,reconstructed_complete_hourly_path,True,VERIFIED_FORECAST_AVAILABLE
2026-06-03,24h_prior,june_external,reconstructed_complete_hourly_path,True,VERIFIED_FORECAST_AVAILABLE
2026-06-03,12h_prior,june_external,reconstructed_complete_hourly_path,True,VERIFIED_FORECAST_AVAILABLE
2026-06-03,6h_prior,june_external,reconstructed_complete_hourly_path,True,VERIFIED_FORECAST_AVAILABLE
2026-06-03,event_day_open,june_external,reconstructed_complete_hourly_path,True,VERIFIED_FORECAST_AVAILABLE
2026-06-04,24h_prior,june_external,reconstructed_complete_hourly_path,True,VERIFIED_FORECAST_AVAILABLE
2026-06-04,12h_prior,june_external,reconstructed_complete_hourly_path,True,VERIFIED_FORECAST_AVAILABLE
2026-06-04,6h_prior,june_external,reconstructed_complete_hourly_path,True,VERIFIED_FORECAST_AVAILABLE
2026-06-04,event_day_open,june_external,reconstructed_complete_hourly_path,True,VERIFIED_FORECAST_AVAILABLE
2026-06-05,24h_prior,june_external,reconstructed_complete_hourly_path,True,VERIFIED_FORECAST_AVAILABLE
2026-06-05,12h_prior,june_external,reconstructed_complete_hourly_path,True,VERIFIED_FORECAST_AVAILABLE
2026-06-05,6h_prior,june_external,reconstructed_complete_hourly_path,True,VERIFIED_FORECAST_AVAILABLE
2026-06-05,event_day_open,june_external,reconstructed_complete_hourly_path,True,VERIFIED_FORECAST_AVAILABLE
2026-06-06,24h_prior,june_external,reconstructed_complete_hourly_path,True,VERIFIED_FORECAST_AVAILABLE
2026-06-06,12h_prior,june_external,reconstructed_complete_hourly_path,True,VERIFIED_FORECAST_AVAILABLE
2026-06-06,6h_prior,june_external,reconstructed_complete_hourly_path,True,VERIFIED_FORECAST_AVAILABLE
2026-06-06,event_day_open,june_external,reconstructed_complete_hourly_path,True,VERIFIED_FORECAST_AVAILABLE
2026-06-07,24h_prior,june_external,reconstructed_complete_hourly_path,True,VERIFIED_FORECAST_AVAILABLE
2026-06-07,12h_prior,june_external,reconstructed_complete_hourly_path,True,VERIFIED_FORECAST_AVAILABLE
2026-06-07,6h_prior,june_external,reconstructed_complete_hourly_path,True,VERIFIED_FORECAST_AVAILABLE
2026-06-07,event_day_open,june_external,reconstructed_complete_hourly_path,True,VERIFIED_FORECAST_AVAILABLE
2026-06-08,24h_prior,june_external,reconstructed_complete_hourly_path,True,VERIFIED_FORECAST_AVAILABLE
2026-06-08,12h_prior,june_external,reconstructed_complete_hourly_path,True,VERIFIED_FORECAST_AVAILABLE
2026-06-08,6h_prior,june_external,reconstructed_complete_hourly_path,True,VERIFIED_FORECAST_AVAILABLE
2026-06-08,event_day_open,june_external,reconstructed_complete_hourly_path,True,VERIFIED_FORECAST_AVAILABLE
2026-06-09,24h_prior,june_external,reconstructed_complete_hourly_path,True,VERIFIED_FORECAST_AVAILABLE
2026-06-09,12h_prior,june_external,reconstructed_complete_hourly_path,True,VERIFIED_FORECAST_AVAILABLE
2026-06-09,6h_prior,june_external,reconstructed_complete_hourly_path,True,VERIFIED_FORECAST_AVAILABLE
2026-06-09,event_day_open,june_external,reconstructed_complete_hourly_path,True,VERIFIED_FORECAST_AVAILABLE
2026-06-10,24h_prior,june_external,reconstructed_complete_hourly_path,True,VERIFIED_FORECAST_AVAILABLE
2026-06-10,12h_prior,june_external,reconstructed_complete_hourly_path,True,VERIFIED_FORECAST_AVAILABLE
2026-06-10,6h_prior,june_external,reconstructed_complete_hourly_path,True,VERIFIED_FORECAST_AVAILABLE
2026-06-10,event_day_open,june_external,reconstructed_complete_hourly_path,True,VERIFIED_FORECAST_AVAILABLE
2026-06-11,24h_prior,june_external,reconstructed_complete_hourly_path,True,VERIFIED_FORECAST_AVAILABLE
2026-06-11,12h_prior,june_external,reconstructed_complete_hourly_path,True,VERIFIED_FORECAST_AVAILABLE
2026-06-11,6h_prior,june_external,reconstructed_complete_hourly_path,True,VERIFIED_FORECAST_AVAILABLE
2026-06-11,event_day_open,june_external,reconstructed_complete_hourly_path,True,VERIFIED_FORECAST_AVAILABLE
2026-06-12,24h_prior,june_external,reconstructed_complete_hourly_path,True,VERIFIED_FORECAST_AVAILABLE
2026-06-12,12h_prior,june_external,reconstructed_complete_hourly_path,True,VERIFIED_FORECAST_AVAILABLE
2026-06-12,6h_prior,june_external,reconstructed_complete_hourly_path,True,VERIFIED_FORECAST_AVAILABLE
2026-06-12,event_day_open,june_external,reconstructed_complete_hourly_path,True,VERIFIED_FORECAST_AVAILABLE
2026-06-13,24h_prior,june_external,reconstructed_complete_hourly_path,True,VERIFIED_FORECAST_AVAILABLE
2026-06-13,12h_prior,june_external,reconstructed_complete_hourly_path,True,VERIFIED_FORECAST_AVAILABLE
2026-06-13,6h_prior,june_external,reconstructed_complete_hourly_path,True,VERIFIED_FORECAST_AVAILABLE
2026-06-13,event_day_open,june_external,reconstructed_complete_hourly_path,True,VERIFIED_FORECAST_AVAILABLE
2026-06-14,24h_prior,june_external,reconstructed_complete_hourly_path,True,VERIFIED_FORECAST_AVAILABLE
2026-06-14,12h_prior,june_external,reconstructed_complete_hourly_path,True,VERIFIED_FORECAST_AVAILABLE
2026-06-14,6h_prior,june_external,reconstructed_complete_hourly_path,True,VERIFIED_FORECAST_AVAILABLE
2026-06-14,event_day_open,june_external,reconstructed_complete_hourly_path,True,VERIFIED_FORECAST_AVAILABLE
2026-06-15,24h_prior,june_external,reconstructed_complete_hourly_path,True,VERIFIED_FORECAST_AVAILABLE
2026-06-15,12h_prior,june_external,reconstructed_complete_hourly_path,True,VERIFIED_FORECAST_AVAILABLE
2026-06-15,6h_prior,june_external,reconstructed_complete_hourly_path,True,VERIFIED_FORECAST_AVAILABLE
2026-06-15,event_day_open,june_external,reconstructed_complete_hourly_path,True,VERIFIED_FORECAST_AVAILABLE
2026-06-16,24h_prior,june_external,reconstructed_complete_hourly_path,True,VERIFIED_FORECAST_AVAILABLE
2026-06-16,12h_prior,june_external,reconstructed_complete_hourly_path,True,VERIFIED_FORECAST_AVAILABLE
2026-06-16,6h_prior,june_external,reconstructed_complete_hourly_path,True,VERIFIED_FORECAST_AVAILABLE
2026-06-16,event_day_open,june_external,reconstructed_complete_hourly_path,True,VERIFIED_FORECAST_AVAILABLE
2026-06-17,24h_prior,june_external,reconstructed_complete_hourly_path,True,VERIFIED_FORECAST_AVAILABLE
2026-06-17,12h_prior,june_external,reconstructed_complete_hourly_path,True,VERIFIED_FORECAST_AVAILABLE
2026-06-17,6h_prior,june_external,reconstructed_complete_hourly_path,True,VERIFIED_FORECAST_AVAILABLE
2026-06-17,event_day_open,june_external,reconstructed_complete_hourly_path,True,VERIFIED_FORECAST_AVAILABLE
2026-06-18,24h_prior,june_external,reconstructed_complete_hourly_path,True,VERIFIED_FORECAST_AVAILABLE
2026-06-18,12h_prior,june_external,reconstructed_complete_hourly_path,True,VERIFIED_FORECAST_AVAILABLE
2026-06-18,6h_prior,june_external,reconstructed_complete_hourly_path,True,VERIFIED_FORECAST_AVAILABLE
2026-06-18,event_day_open,june_external,reconstructed_complete_hourly_path,True,VERIFIED_FORECAST_AVAILABLE
2026-06-19,24h_prior,june_external,reconstructed_complete_hourly_path,True,VERIFIED_FORECAST_AVAILABLE
2026-06-19,12h_prior,june_external,reconstructed_complete_hourly_path,True,VERIFIED_FORECAST_AVAILABLE
2026-06-19,6h_prior,june_external,reconstructed_complete_hourly_path,True,VERIFIED_FORECAST_AVAILABLE
2026-06-19,event_day_open,june_external,reconstructed_complete_hourly_path,True,VERIFIED_FORECAST_AVAILABLE
2026-06-20,24h_prior,june_external,reconstructed_complete_hourly_path,True,VERIFIED_FORECAST_AVAILABLE
2026-06-20,12h_prior,june_external,reconstructed_complete_hourly_path,True,VERIFIED_FORECAST_AVAILABLE
2026-06-20,6h_prior,june_external,reconstructed_complete_hourly_path,True,VERIFIED_FORECAST_AVAILABLE
2026-06-20,event_day_open,june_external,reconstructed_complete_hourly_path,True,VERIFIED_FORECAST_AVAILABLE
2026-06-21,24h_prior,june_external,reconstructed_complete_hourly_path,True,VERIFIED_FORECAST_AVAILABLE
2026-06-21,12h_prior,june_external,reconstructed_complete_hourly_path,True,VERIFIED_FORECAST_AVAILABLE
2026-06-21,6h_prior,june_external,reconstructed_complete_hourly_path,True,VERIFIED_FORECAST_AVAILABLE
2026-06-21,event_day_open,june_external,reconstructed_complete_hourly_path,True,VERIFIED_FORECAST_AVAILABLE
2026-06-22,24h_prior,june_external,reconstructed_complete_hourly_path,True,VERIFIED_FORECAST_AVAILABLE
2026-06-22,12h_prior,june_external,reconstructed_complete_hourly_path,True,VERIFIED_FORECAST_AVAILABLE
2026-06-22,6h_prior,june_external,reconstructed_complete_hourly_path,True,VERIFIED_FORECAST_AVAILABLE
2026-06-22,event_day_open,june_external,reconstructed_complete_hourly_path,True,VERIFIED_FORECAST_AVAILABLE
2026-06-23,24h_prior,june_external,reconstructed_complete_hourly_path,True,VERIFIED_FORECAST_AVAILABLE
2026-06-23,12h_prior,june_external,reconstructed_complete_hourly_path,True,VERIFIED_FORECAST_AVAILABLE
2026-06-23,6h_prior,june_external,reconstructed_complete_hourly_path,True,VERIFIED_FORECAST_AVAILABLE
2026-06-23,event_day_open,june_external,reconstructed_complete_hourly_path,True,VERIFIED_FORECAST_AVAILABLE
2026-06-24,24h_prior,june_external,reconstructed_complete_hourly_path,True,VERIFIED_FORECAST_AVAILABLE
2026-06-24,12h_prior,june_external,reconstructed_complete_hourly_path,True,VERIFIED_FORECAST_AVAILABLE
2026-06-24,6h_prior,,,False,NO_ADMISSIBLE_JUNE_PATH
2026-06-24,event_day_open,june_external,reconstructed_complete_hourly_path,True,VERIFIED_FORECAST_AVAILABLE
2026-06-25,24h_prior,june_external,reconstructed_complete_hourly_path,True,VERIFIED_FORECAST_AVAILABLE
2026-06-25,12h_prior,june_external,reconstructed_complete_hourly_path,True,VERIFIED_FORECAST_AVAILABLE
2026-06-25,6h_prior,june_external,reconstructed_complete_hourly_path,True,VERIFIED_FORECAST_AVAILABLE
2026-06-25,event_day_open,june_external,reconstructed_complete_hourly_path,True,VERIFIED_FORECAST_AVAILABLE
2026-06-26,24h_prior,june_external,reconstructed_complete_hourly_path,True,VERIFIED_FORECAST_AVAILABLE
2026-06-26,12h_prior,june_external,reconstructed_complete_hourly_path,True,VERIFIED_FORECAST_AVAILABLE
2026-06-26,6h_prior,june_external,reconstructed_complete_hourly_path,True,VERIFIED_FORECAST_AVAILABLE
2026-06-26,event_day_open,june_external,reconstructed_complete_hourly_path,True,VERIFIED_FORECAST_AVAILABLE
2026-06-27,24h_prior,june_external,reconstructed_complete_hourly_path,True,VERIFIED_FORECAST_AVAILABLE
2026-06-27,12h_prior,june_external,reconstructed_complete_hourly_path,True,VERIFIED_FORECAST_AVAILABLE
2026-06-27,6h_prior,june_external,reconstructed_complete_hourly_path,True,VERIFIED_FORECAST_AVAILABLE
2026-06-27,event_day_open,june_external,reconstructed_complete_hourly_path,True,VERIFIED_FORECAST_AVAILABLE
2026-06-28,24h_prior,june_external,reconstructed_complete_hourly_path,True,VERIFIED_FORECAST_AVAILABLE
2026-06-28,12h_prior,june_external,reconstructed_complete_hourly_path,True,VERIFIED_FORECAST_AVAILABLE
2026-06-28,6h_prior,june_external,reconstructed_complete_hourly_path,True,VERIFIED_FORECAST_AVAILABLE
2026-06-28,event_day_open,june_external,reconstructed_complete_hourly_path,True,VERIFIED_FORECAST_AVAILABLE
2026-06-29,24h_prior,june_external,reconstructed_complete_hourly_path,True,VERIFIED_FORECAST_AVAILABLE
2026-06-29,12h_prior,june_external,reconstructed_complete_hourly_path,True,VERIFIED_FORECAST_AVAILABLE
2026-06-29,6h_prior,june_external,reconstructed_complete_hourly_path,True,VERIFIED_FORECAST_AVAILABLE
2026-06-29,event_day_open,june_external,reconstructed_complete_hourly_path,True,VERIFIED_FORECAST_AVAILABLE
2026-06-30,24h_prior,june_external,reconstructed_complete_hourly_path,True,VERIFIED_FORECAST_AVAILABLE
2026-06-30,12h_prior,june_external,reconstructed_complete_hourly_path,True,VERIFIED_FORECAST_AVAILABLE
2026-06-30,6h_prior,june_external,reconstructed_complete_hourly_path,True,VERIFIED_FORECAST_AVAILABLE
2026-06-30,event_day_open,june_external,reconstructed_complete_hourly_path,True,VERIFIED_FORECAST_AVAILABLE
