transition,split,metric,dates,mean,median,q10,q90
24h_to_12h,development,market_update_total_variation,50,0.09696973958646952,0.09601796263643624,0.048566753552648244,0.16005063786002532
24h_to_12h,development,matern_update_total_variation,50,0.12104907503482389,0.10179171584202103,0.02395048709833759,0.27500841503864126
24h_to_12h,development,update_cosine_similarity,50,0.1713918759881176,0.2501079167227189,-0.4910209861446344,0.68431238437179
24h_to_12h,development,event_sign_alignment_fraction,50,0.5363636363636364,0.5454545454545454,0.2727272727272727,0.8272727272727275
24h_to_12h,development,realised_probability_change_market,50,0.019756713736110272,0.02511968458011192,-0.04384350288945495,0.09244234616335446
24h_to_12h,development,realised_probability_change_matern,50,0.0039133136810028,0.0026328300876660576,-0.0541608379941586,0.08491963396733497
24h_to_12h,development,market_movement_towards_updated_matern,50,-0.005574259932137412,0.002057235884568076,-0.09432472478521473,0.056162593906498
24h_to_12h,june_external,market_update_total_variation,27,0.09083272663872152,0.08423565329617574,0.03789644729216945,0.14394817524671652
24h_to_12h,june_external,matern_update_total_variation,27,0.14592104623571528,0.10622589457602476,0.012557751417586803,0.33808651295003755
24h_to_12h,june_external,update_cosine_similarity,27,0.14656639106602198,0.2255944019871183,-0.5654823524538605,0.6622982057574609
24h_to_12h,june_external,event_sign_alignment_fraction,27,0.5521885521885521,0.5454545454545454,0.2727272727272727,0.7636363636363639
24h_to_12h,june_external,realised_probability_change_market,27,0.0081050106019726,0.012260014715810397,-0.04728758756178264,0.06402704703634113
24h_to_12h,june_external,realised_probability_change_matern,27,0.01593792548422436,0.010397134315227818,-0.03145560314460913,0.09775813266854202
24h_to_12h,june_external,market_movement_towards_updated_matern,27,-0.016245080064166164,-0.010190192399661457,-0.07626363645847936,0.030080551883644772
24h_to_12h,all_exact_support,market_update_total_variation,77,0.09481779998141503,0.09443557570809784,0.04493407851765016,0.15192581572059527
24h_to_12h,all_exact_support,matern_update_total_variation,77,0.1297704155857858,0.10378374908784427,0.016722476282783682,0.3149978943446028
24h_to_12h,all_exact_support,update_cosine_similarity,77,0.16268683582062954,0.2255944019871183,-0.5654823524538605,0.687690870548042
24h_to_12h,all_exact_support,event_sign_alignment_fraction,77,0.5419126328217237,0.5454545454545454,0.2727272727272727,0.8181818181818182
24h_to_12h,all_exact_support,realised_probability_change_market,77,0.0156710515981659,0.02133814376025872,-0.04728758756178264,0.09080307432573566
24h_to_12h,all_exact_support,realised_probability_change_matern,77,0.008129736001612958,0.00442837507170149,-0.04792249050044696,0.0912076723408382
24h_to_12h,all_exact_support,market_movement_towards_updated_matern,77,-0.009315976082329314,-0.009150486782065759,-0.08910089801799688,0.052887065221518446
12h_to_6h,development,market_update_total_variation,57,0.14870514970311058,0.13175429270765088,0.05495154991375517,0.2573948472427106
12h_to_6h,development,matern_update_total_variation,57,0.10553690050831743,0.07105822044647912,0.024384204822328028,0.23444710289397855
12h_to_6h,development,update_cosine_similarity,57,-0.04795920561777957,-0.04533102718181145,-0.6814502707437061,0.6381288060448069
12h_to_6h,development,event_sign_alignment_fraction,57,0.5311004784688995,0.5454545454545454,0.2727272727272727,0.7636363636363636
12h_to_6h,development,realised_probability_change_market,57,0.023903998989599398,0.013532477947072977,-0.08853106219631997,0.12626830622250812
12h_to_6h,development,realised_probability_change_matern,57,0.008815243669950757,0.005868249044268498,-0.056361493385473534,0.07974495488224087
12h_to_6h,development,market_movement_towards_updated_matern,57,-0.054241821889450544,-0.05000375562936177,-0.16090125702753166,0.05121470726871092
12h_to_6h,june_external,market_update_total_variation,27,0.11779263641542474,0.11654831493271742,0.04707712982811818,0.19458549054681004
12h_to_6h,june_external,matern_update_total_variation,27,0.12057752744773388,0.10466837812140356,0.029891499396531837,0.265163237697364
12h_to_6h,june_external,update_cosine_similarity,27,0.0647230959709749,0.06541799804650067,-0.5895699839133175,0.7270418370825923
12h_to_6h,june_external,event_sign_alignment_fraction,27,0.5925925925925926,0.6363636363636364,0.36363636363636365,0.8181818181818182
12h_to_6h,june_external,realised_probability_change_market,27,0.0345041983731717,0.0344861622395255,-0.03552677540468517,0.09976181381128245
12h_to_6h,june_external,realised_probability_change_matern,27,-0.0005946490056650585,-0.0006363942791605126,-0.053408817307782096,0.036705339405051336
12h_to_6h,june_external,market_movement_towards_updated_matern,27,-0.014861216745967512,-0.011602729716952032,-0.0896442892577513,0.06834004194939848
12h_to_6h,all_exact_support,market_update_total_variation,84,0.13876898471778296,0.12137447543767191,0.05122821767320437,0.22583947932485926
12h_to_6h,all_exact_support,matern_update_total_variation,84,0.11037138773884413,0.07208028257649957,0.026903164826829203,0.24051153844311926
12h_to_6h,all_exact_support,update_cosine_similarity,84,-0.011739894392822778,-0.017466880599676392,-0.6584139171426865,0.7118518023515128
12h_to_6h,all_exact_support,event_sign_alignment_fraction,84,0.5508658008658008,0.5454545454545454,0.2727272727272727,0.8181818181818182
12h_to_6h,all_exact_support,realised_probability_change_market,84,0.027311205934319068,0.02201484037499865,-0.08187915171003328,0.12074994513441559
12h_to_6h,all_exact_support,realised_probability_change_matern,84,0.0057906353099313876,0.003915725431271347,-0.05448225939536869,0.06442286838460885
12h_to_6h,all_exact_support,market_movement_towards_updated_matern,84,-0.04158377023618814,-0.0412929553633523,-0.15586113927665754,0.05506865443324039
6h_to_open,development,market_update_total_variation,56,0.1112567835512818,0.10261162904888213,0.03087755619552641,0.18569087976883364
6h_to_open,development,matern_update_total_variation,56,0.12297530476679673,0.10101287284587224,0.034840875057266234,0.25544971552576234
6h_to_open,development,update_cosine_similarity,56,0.012164909271714217,0.13963944629835762,-0.7505372123469325,0.5629404856386249
6h_to_open,development,event_sign_alignment_fraction,56,0.5649350649350648,0.5454545454545454,0.2727272727272727,0.8181818181818182
6h_to_open,development,realised_probability_change_market,56,0.02251128926691472,0.011650471123202222,-0.030390628189967656,0.09678851608493735
6h_to_open,development,realised_probability_change_matern,56,0.018543250875128505,0.022441318329957355,-0.0653287430798403,0.0806539956962676
6h_to_open,development,market_movement_towards_updated_matern,56,-0.03522506992213771,-0.021652307462718207,-0.13824048388660132,0.03836799327047877
6h_to_open,june_external,market_update_total_variation,29,0.0926391071514438,0.08289798873788967,0.049557577641755265,0.15026597466996092
6h_to_open,june_external,matern_update_total_variation,29,0.15171024930816787,0.1070401565334889,0.05263886335855917,0.344055653221496
6h_to_open,june_external,update_cosine_similarity,29,0.059322530925941135,0.03516004928811467,-0.428800526706033,0.5865196435569164
6h_to_open,june_external,event_sign_alignment_fraction,29,0.5485893416927901,0.5454545454545454,0.2727272727272727,0.7454545454545454
6h_to_open,june_external,realised_probability_change_market,29,0.009395272254221635,0.007463229081007938,-0.06595795581925723,0.08634623155707025
6h_to_open,june_external,realised_probability_change_matern,29,0.015268936828220038,0.020564289980036038,-0.02916430240143812,0.0697330880448642
6h_to_open,june_external,market_movement_towards_updated_matern,29,-0.015460724098768605,-0.018979193698064223,-0.05728300535664292,0.0443185643411258
6h_to_open,all_exact_support,market_update_total_variation,85,0.10490487042663119,0.0861531174031174,0.034558513708396195,0.17983033088369127
6h_to_open,all_exact_support,matern_update_total_variation,85,0.1327789917279704,0.10584677300299951,0.03777082793482252,0.2780722869067327
6h_to_open,all_exact_support,update_cosine_similarity,85,0.02825398018903868,0.10073776115419306,-0.6606879066818435,0.5718210160944706
6h_to_open,all_exact_support,event_sign_alignment_fraction,85,0.5593582887700534,0.5454545454545454,0.2727272727272727,0.8181818181818182
6h_to_open,all_exact_support,realised_probability_change_market,85,0.018036412874348845,0.01140662825649369,-0.05523671646529543,0.09608936899572412
6h_to_open,all_exact_support,realised_probability_change_matern,85,0.01742613196500679,0.02139650105800639,-0.048300581263037726,0.08126061368016278
6h_to_open,all_exact_support,market_movement_towards_updated_matern,85,-0.028481940170635312,-0.021327071765072925,-0.1257044777931455,0.04192917073228472
24h_to_open,development,market_update_total_variation,53,0.23632467566400456,0.21395523838269404,0.10978690636521483,0.4290953070710976
24h_to_open,development,matern_update_total_variation,53,0.13638554096710923,0.10241868170849217,0.04677129280706174,0.27816964629726726
24h_to_open,development,update_cosine_similarity,53,0.22127675630222815,0.38891363616416946,-0.6537917779384179,0.7439048184252784
24h_to_open,development,event_sign_alignment_fraction,53,0.6466552315608918,0.6363636363636364,0.2727272727272727,0.9090909090909091
24h_to_open,development,realised_probability_change_market,53,0.07309917921525376,0.05718207716065971,-0.10380395186462421,0.2543775521642903
24h_to_open,development,realised_probability_change_matern,53,0.02899235223469437,0.028898476640814907,-0.008911733287323175,0.08516383590473832
24h_to_open,development,market_movement_towards_updated_matern,53,-0.08634058601333024,-0.0906561530788169,-0.22870808007532972,0.08386371279625857
24h_to_open,june_external,market_update_total_variation,27,0.1834456977389102,0.20197887003127202,0.11589730874768507,0.2566416497980072
24h_to_open,june_external,matern_update_total_variation,27,0.16607105770720304,0.10720786741878388,0.04432500117652381,0.38420786066100376
24h_to_open,june_external,update_cosine_similarity,27,0.20965612365971373,0.2736083148908077,-0.535125503737268,0.8573982554912135
24h_to_open,june_external,event_sign_alignment_fraction,27,0.6094276094276095,0.6363636363636364,0.2727272727272727,0.9454545454545457
24h_to_open,june_external,realised_probability_change_market,27,0.06329595927444799,0.06938297369279806,-0.0738917779414276,0.20093992084496667
24h_to_open,june_external,realised_probability_change_matern,27,0.0314490423709645,0.028877002149098413,0.013573116888138594,0.06447537374024204
24h_to_open,june_external,market_movement_towards_updated_matern,27,-0.050328850287976686,-0.05276660757564078,-0.145080439394261,0.07802809940165405
24h_to_open,all_exact_support,market_update_total_variation,80,0.21847802061428526,0.20476237944793318,0.11249946120781891,0.32885693387696646
24h_to_open,all_exact_support,matern_update_total_variation,80,0.1464044028668909,0.10692082632722767,0.0444795167541975,0.2862840115601393
24h_to_open,all_exact_support,update_cosine_similarity,80,0.21735479278537956,0.38008478041117555,-0.6110372153764064,0.7593939464119281
24h_to_open,all_exact_support,event_sign_alignment_fraction,80,0.634090909090909,0.6363636363636364,0.2727272727272727,0.9090909090909091
24h_to_open,all_exact_support,realised_probability_change_market,80,0.06979059248523181,0.06614213807981201,-0.10242219366238062,0.2050455658734878
24h_to_open,all_exact_support,realised_probability_change_matern,80,0.02982148515568554,0.02888773939495666,-0.0068690672156132716,0.08614190171819391
24h_to_open,all_exact_support,market_movement_towards_updated_matern,80,-0.0741866252060234,-0.07646976696622695,-0.21751730063878577,0.08677650291923106
