scope_type,scope_value,split,metric,dates,point_estimate,bootstrap_method,block_length_days,bootstrap_lower_95,bootstrap_upper_95,bootstrap_replications,seed
overall,all_rules,development,total_variation_market_matern,67,0.29067096073650656,ordinary_date,,0.27110048055915764,0.3107251029050725,10000,20460804
overall,all_rules,development,expected_rank_market_minus_matern,67,0.41461042701593975,ordinary_date,,0.2712791884706232,0.5551716657718334,10000,20460804
overall,all_rules,development,modal_disagreement,67,0.5733830845771144,ordinary_date,,0.4800995024875623,0.6604477611940298,10000,20460804
overall,all_rules,development,realised_event_probability_market_minus_matern,67,0.030297288490261594,ordinary_date,,0.0020395626525876154,0.05745207699966294,10000,20460804
overall,all_rules,development,categorical_log_matern_minus_market,67,-0.018208995726282463,ordinary_date,,-0.17262831858755961,0.12464571049141573,10000,20460804
overall,all_rules,development,multiclass_brier_winner_component_matern_minus_market,67,0.0358680595256022,ordinary_date,,-0.003575979982057659,0.07451859463623733,10000,20460804
overall,all_rules,development,multiclass_brier_nonwinner_component_matern_minus_market,67,-0.048571353708563775,ordinary_date,,-0.06509358196172793,-0.03268233235343216,10000,20460804
overall,all_rules,development,multiclass_brier_total_matern_minus_market,67,-0.012703294182961587,ordinary_date,,-0.06575780757629318,0.038414825756536604,10000,20460804
overall,all_rules,development,total_variation_market_matern,67,0.29067096073650656,circular_moving_block,3.0,0.27073270592387794,0.3108263704834935,10000,20460904
overall,all_rules,development,expected_rank_market_minus_matern,67,0.41461042701593975,circular_moving_block,3.0,0.2874864823377749,0.5413821173593174,10000,20460904
overall,all_rules,development,modal_disagreement,67,0.5733830845771144,circular_moving_block,3.0,0.49004975124378114,0.6542288557213931,10000,20460904
overall,all_rules,development,realised_event_probability_market_minus_matern,67,0.030297288490261594,circular_moving_block,3.0,-0.0013797340152311476,0.06112492708702205,10000,20460904
overall,all_rules,development,categorical_log_matern_minus_market,67,-0.018208995726282463,circular_moving_block,3.0,-0.19449570373007982,0.14670567560412257,10000,20460904
overall,all_rules,development,multiclass_brier_winner_component_matern_minus_market,67,0.0358680595256022,circular_moving_block,3.0,-0.007659898306042038,0.07983277519119449,10000,20460904
overall,all_rules,development,multiclass_brier_nonwinner_component_matern_minus_market,67,-0.048571353708563775,circular_moving_block,3.0,-0.0638347782973703,-0.034274595103134284,10000,20460904
overall,all_rules,development,multiclass_brier_total_matern_minus_market,67,-0.012703294182961587,circular_moving_block,3.0,-0.06751963322308493,0.041002887411342115,10000,20460904
overall,all_rules,development,total_variation_market_matern,67,0.29067096073650656,circular_moving_block,5.0,0.27049241992683376,0.3105663152418068,10000,20461004
overall,all_rules,development,expected_rank_market_minus_matern,67,0.41461042701593975,circular_moving_block,5.0,0.3021581914588867,0.5352522128893074,10000,20461004
overall,all_rules,development,modal_disagreement,67,0.5733830845771144,circular_moving_block,5.0,0.4987562189054727,0.6517412935323383,10000,20461004
overall,all_rules,development,realised_event_probability_market_minus_matern,67,0.030297288490261594,circular_moving_block,5.0,-0.004080643038776954,0.06289335303893412,10000,20461004
overall,all_rules,development,categorical_log_matern_minus_market,67,-0.018208995726282463,circular_moving_block,5.0,-0.2051888226863382,0.14940866178219567,10000,20461004
overall,all_rules,development,multiclass_brier_winner_component_matern_minus_market,67,0.0358680595256022,circular_moving_block,5.0,-0.011198227491943186,0.08106913333572856,10000,20461004
overall,all_rules,development,multiclass_brier_nonwinner_component_matern_minus_market,67,-0.048571353708563775,circular_moving_block,5.0,-0.06266755327745131,-0.0354314524279188,10000,20461004
overall,all_rules,development,multiclass_brier_total_matern_minus_market,67,-0.012703294182961587,circular_moving_block,5.0,-0.06929737704150117,0.03980101751209465,10000,20461004
overall,all_rules,development,total_variation_market_matern,67,0.29067096073650656,circular_moving_block,7.0,0.27063389593661924,0.31071572399597625,10000,20461104
overall,all_rules,development,expected_rank_market_minus_matern,67,0.41461042701593975,circular_moving_block,7.0,0.2887167300444457,0.5493722785516059,10000,20461104
overall,all_rules,development,modal_disagreement,67,0.5733830845771144,circular_moving_block,7.0,0.5049751243781094,0.6480099502487561,10000,20461104
overall,all_rules,development,realised_event_probability_market_minus_matern,67,0.030297288490261594,circular_moving_block,7.0,-0.007117441332485026,0.06522375431683007,10000,20461104
overall,all_rules,development,categorical_log_matern_minus_market,67,-0.018208995726282463,circular_moving_block,7.0,-0.2148681146769804,0.16125856848777878,10000,20461104
overall,all_rules,development,multiclass_brier_winner_component_matern_minus_market,67,0.0358680595256022,circular_moving_block,7.0,-0.01491563488250528,0.0847530991429383,10000,20461104
overall,all_rules,development,multiclass_brier_nonwinner_component_matern_minus_market,67,-0.048571353708563775,circular_moving_block,7.0,-0.06221681674076195,-0.03585536761702735,10000,20461104
overall,all_rules,development,multiclass_brier_total_matern_minus_market,67,-0.012703294182961587,circular_moving_block,7.0,-0.07246760145734199,0.04279029401888246,10000,20461104
overall,all_rules,june_external,total_variation_market_matern,30,0.278613035914764,ordinary_date,,0.2507583087741389,0.306533668024529,10000,20461804
overall,all_rules,june_external,expected_rank_market_minus_matern,30,0.47439199550686445,ordinary_date,,0.29992706969572275,0.6533136454496051,10000,20461804
overall,all_rules,june_external,modal_disagreement,30,0.6166666666666667,ordinary_date,,0.5083333333333333,0.7166666666666667,10000,20461804
overall,all_rules,june_external,realised_event_probability_market_minus_matern,30,0.09450362266079454,ordinary_date,,0.06344071998816443,0.12457135069095258,10000,20461804
overall,all_rules,june_external,categorical_log_matern_minus_market,30,0.35734220556873547,ordinary_date,,0.21107679601721333,0.4910426018892476,10000,20461804
overall,all_rules,june_external,multiclass_brier_winner_component_matern_minus_market,30,0.13129821889864707,ordinary_date,,0.08612122018605561,0.17460205193726377,10000,20461804
overall,all_rules,june_external,multiclass_brier_nonwinner_component_matern_minus_market,30,-0.0295886271697237,ordinary_date,,-0.04743646076965253,-0.013732189307428505,10000,20461804
overall,all_rules,june_external,multiclass_brier_total_matern_minus_market,30,0.10170959172892342,ordinary_date,,0.04243816873726042,0.15743276520865754,10000,20461804
overall,all_rules,june_external,total_variation_market_matern,30,0.278613035914764,circular_moving_block,3.0,0.24380118229369965,0.31321356451767063,10000,20461904
overall,all_rules,june_external,expected_rank_market_minus_matern,30,0.47439199550686445,circular_moving_block,3.0,0.2826269736424259,0.6696046330663905,10000,20461904
overall,all_rules,june_external,modal_disagreement,30,0.6166666666666667,circular_moving_block,3.0,0.49166666666666664,0.7333333333333333,10000,20461904
overall,all_rules,june_external,realised_event_probability_market_minus_matern,30,0.09450362266079454,circular_moving_block,3.0,0.0636023141547471,0.12603873718803235,10000,20461904
overall,all_rules,june_external,categorical_log_matern_minus_market,30,0.35734220556873547,circular_moving_block,3.0,0.22739884369276875,0.4875363836144721,10000,20461904
overall,all_rules,june_external,multiclass_brier_winner_component_matern_minus_market,30,0.13129821889864707,circular_moving_block,3.0,0.08749594972188722,0.17635134126532817,10000,20461904
overall,all_rules,june_external,multiclass_brier_nonwinner_component_matern_minus_market,30,-0.0295886271697237,circular_moving_block,3.0,-0.049042342952873824,-0.01411594359543925,10000,20461904
overall,all_rules,june_external,multiclass_brier_total_matern_minus_market,30,0.10170959172892342,circular_moving_block,3.0,0.04844540855465381,0.15586743963302607,10000,20461904
overall,all_rules,june_external,total_variation_market_matern,30,0.278613035914764,circular_moving_block,5.0,0.24382429500307265,0.31443619155602487,10000,20462004
overall,all_rules,june_external,expected_rank_market_minus_matern,30,0.47439199550686445,circular_moving_block,5.0,0.3013591149288938,0.639914931556603,10000,20462004
overall,all_rules,june_external,modal_disagreement,30,0.6166666666666667,circular_moving_block,5.0,0.5,0.7333333333333333,10000,20462004
overall,all_rules,june_external,realised_event_probability_market_minus_matern,30,0.09450362266079454,circular_moving_block,5.0,0.06389823134865324,0.12821590281015835,10000,20462004
overall,all_rules,june_external,categorical_log_matern_minus_market,30,0.35734220556873547,circular_moving_block,5.0,0.23129453290099536,0.4819267495126565,10000,20462004
overall,all_rules,june_external,multiclass_brier_winner_component_matern_minus_market,30,0.13129821889864707,circular_moving_block,5.0,0.08816709045651892,0.17934574236689335,10000,20462004
overall,all_rules,june_external,multiclass_brier_nonwinner_component_matern_minus_market,30,-0.0295886271697237,circular_moving_block,5.0,-0.05049458078472389,-0.013031238176904814,10000,20462004
overall,all_rules,june_external,multiclass_brier_total_matern_minus_market,30,0.10170959172892342,circular_moving_block,5.0,0.049564274493952,0.15838139922547698,10000,20462004
overall,all_rules,june_external,total_variation_market_matern,30,0.278613035914764,circular_moving_block,7.0,0.2436112880213539,0.31399172833320094,10000,20462104
overall,all_rules,june_external,expected_rank_market_minus_matern,30,0.47439199550686445,circular_moving_block,7.0,0.323770852875589,0.6147928123021171,10000,20462104
overall,all_rules,june_external,modal_disagreement,30,0.6166666666666667,circular_moving_block,7.0,0.5083333333333333,0.725,10000,20462104
overall,all_rules,june_external,realised_event_probability_market_minus_matern,30,0.09450362266079454,circular_moving_block,7.0,0.06620326172281625,0.12826611313374495,10000,20462104
overall,all_rules,june_external,categorical_log_matern_minus_market,30,0.35734220556873547,circular_moving_block,7.0,0.24163848501819446,0.4829286569759276,10000,20462104
overall,all_rules,june_external,multiclass_brier_winner_component_matern_minus_market,30,0.13129821889864707,circular_moving_block,7.0,0.09181942453839229,0.17905020818961243,10000,20462104
overall,all_rules,june_external,multiclass_brier_nonwinner_component_matern_minus_market,30,-0.0295886271697237,circular_moving_block,7.0,-0.05061313836811382,-0.01328452029076929,10000,20462104
overall,all_rules,june_external,multiclass_brier_total_matern_minus_market,30,0.10170959172892342,circular_moving_block,7.0,0.05914230612201925,0.15723596104674634,10000,20462104
overall,all_rules,all_exact_support,total_variation_market_matern,97,0.28694170563699867,ordinary_date,,0.27055322211679594,0.3031746490942703,10000,20462804
overall,all_rules,all_exact_support,expected_rank_market_minus_matern,97,0.4330995719100401,ordinary_date,,0.32194589331803314,0.5424069220416285,10000,20462804
overall,all_rules,all_exact_support,modal_disagreement,97,0.5867697594501718,ordinary_date,,0.5171821305841925,0.6554982817869416,10000,20462804
overall,all_rules,all_exact_support,realised_event_probability_market_minus_matern,97,0.05015491761516869,ordinary_date,,0.02736076092886019,0.07270829329857881,10000,20462804
overall,all_rules,all_exact_support,categorical_log_matern_minus_market,97,0.09794086034434163,ordinary_date,,-0.025418003399884377,0.21311531839886577,10000,20462804
overall,all_rules,all_exact_support,multiclass_brier_winner_component_matern_minus_market,97,0.06538254180592534,ordinary_date,,0.03296883401447977,0.09734667310251954,10000,20462804
overall,all_rules,all_exact_support,multiclass_brier_nonwinner_component_matern_minus_market,97,-0.0427004073563452,ordinary_date,,-0.05553221414529919,-0.03017216592103314,10000,20462804
overall,all_rules,all_exact_support,multiclass_brier_total_matern_minus_market,97,0.02268213444958015,ordinary_date,,-0.020284281354021685,0.0646864805365982,10000,20462804
overall,all_rules,all_exact_support,total_variation_market_matern,97,0.28694170563699867,circular_moving_block,3.0,0.269066004616192,0.3042701823623649,10000,20462904
overall,all_rules,all_exact_support,expected_rank_market_minus_matern,97,0.4330995719100401,circular_moving_block,3.0,0.32653315416026696,0.540473617911941,10000,20462904
overall,all_rules,all_exact_support,modal_disagreement,97,0.5867697594501718,circular_moving_block,3.0,0.5171606529209624,0.6546391752577321,10000,20462904
overall,all_rules,all_exact_support,realised_event_probability_market_minus_matern,97,0.05015491761516869,circular_moving_block,3.0,0.024433002512012837,0.07440589848752699,10000,20462904
overall,all_rules,all_exact_support,categorical_log_matern_minus_market,97,0.09794086034434163,circular_moving_block,3.0,-0.04542782282990219,0.22630009081550703,10000,20462904
overall,all_rules,all_exact_support,multiclass_brier_winner_component_matern_minus_market,97,0.06538254180592534,circular_moving_block,3.0,0.029355507840114013,0.09973942272583422,10000,20462904
overall,all_rules,all_exact_support,multiclass_brier_nonwinner_component_matern_minus_market,97,-0.0427004073563452,circular_moving_block,3.0,-0.055100750303535735,-0.030949392285147276,10000,20462904
overall,all_rules,all_exact_support,multiclass_brier_total_matern_minus_market,97,0.02268213444958015,circular_moving_block,3.0,-0.022735830274678532,0.06510576737972952,10000,20462904
overall,all_rules,all_exact_support,total_variation_market_matern,97,0.28694170563699867,circular_moving_block,5.0,0.2690298283079194,0.30472466206189036,10000,20463004
overall,all_rules,all_exact_support,expected_rank_market_minus_matern,97,0.4330995719100401,circular_moving_block,5.0,0.3362674390681757,0.5314939965224436,10000,20463004
overall,all_rules,all_exact_support,modal_disagreement,97,0.5867697594501718,circular_moving_block,5.0,0.5223367697594501,0.6529209621993126,10000,20463004
overall,all_rules,all_exact_support,realised_event_probability_market_minus_matern,97,0.05015491761516869,circular_moving_block,5.0,0.02193752493662229,0.07565716722940687,10000,20463004
overall,all_rules,all_exact_support,categorical_log_matern_minus_market,97,0.09794086034434163,circular_moving_block,5.0,-0.05645627765291663,0.23270679561009222,10000,20463004
overall,all_rules,all_exact_support,multiclass_brier_winner_component_matern_minus_market,97,0.06538254180592534,circular_moving_block,5.0,0.02578252145142108,0.10121646836106561,10000,20463004
overall,all_rules,all_exact_support,multiclass_brier_nonwinner_component_matern_minus_market,97,-0.0427004073563452,circular_moving_block,5.0,-0.054758971434053574,-0.03128010349350798,10000,20463004
overall,all_rules,all_exact_support,multiclass_brier_total_matern_minus_market,97,0.02268213444958015,circular_moving_block,5.0,-0.024990583933386483,0.06521878554585513,10000,20463004
overall,all_rules,all_exact_support,total_variation_market_matern,97,0.28694170563699867,circular_moving_block,7.0,0.26876960705466524,0.30438300965573795,10000,20463104
overall,all_rules,all_exact_support,expected_rank_market_minus_matern,97,0.4330995719100401,circular_moving_block,7.0,0.3287598923752241,0.535968994591983,10000,20463104
overall,all_rules,all_exact_support,modal_disagreement,97,0.5867697594501718,circular_moving_block,7.0,0.5292096219931273,0.647766323024055,10000,20463104
overall,all_rules,all_exact_support,realised_event_probability_market_minus_matern,97,0.05015491761516869,circular_moving_block,7.0,0.02091650741660321,0.07608734683347086,10000,20463104
overall,all_rules,all_exact_support,categorical_log_matern_minus_market,97,0.09794086034434163,circular_moving_block,7.0,-0.06295058636964705,0.23979015419699967,10000,20463104
overall,all_rules,all_exact_support,multiclass_brier_winner_component_matern_minus_market,97,0.06538254180592534,circular_moving_block,7.0,0.024235096170673074,0.10215737119100554,10000,20463104
overall,all_rules,all_exact_support,multiclass_brier_nonwinner_component_matern_minus_market,97,-0.0427004073563452,circular_moving_block,7.0,-0.05465250962417131,-0.03143836867146833,10000,20463104
overall,all_rules,all_exact_support,multiclass_brier_total_matern_minus_market,97,0.02268213444958015,circular_moving_block,7.0,-0.026137674757921885,0.06507386695927637,10000,20463104
decision_rule,24h_prior,development,total_variation_market_matern,55,0.2507444097260465,ordinary_date,,0.2220259147840258,0.28014239905432153,10000,20463804
decision_rule,24h_prior,development,expected_rank_market_minus_matern,55,0.378587695537658,ordinary_date,,0.20215602285209375,0.5629264021917885,10000,20463804
decision_rule,24h_prior,development,modal_disagreement,55,0.6363636363636364,ordinary_date,,0.509090909090909,0.7636363636363637,10000,20463804
decision_rule,24h_prior,development,realised_event_probability_market_minus_matern,55,0.014234417035642535,ordinary_date,,-0.013977026741760693,0.04211443072300874,10000,20463804
decision_rule,24h_prior,development,categorical_log_matern_minus_market,55,0.011153015313076718,ordinary_date,,-0.14815138813682285,0.16434292743163845,10000,20463804
decision_rule,24h_prior,development,multiclass_brier_winner_component_matern_minus_market,55,0.023320424596022085,ordinary_date,,-0.018727734823134373,0.0650143819961777,10000,20463804
decision_rule,24h_prior,development,multiclass_brier_nonwinner_component_matern_minus_market,55,-0.03311136177747872,ordinary_date,,-0.048830965334535355,-0.015723495666725474,10000,20463804
decision_rule,24h_prior,development,multiclass_brier_total_matern_minus_market,55,-0.009790937181456643,ordinary_date,,-0.06442622652981848,0.04326190537584539,10000,20463804
decision_rule,24h_prior,development,total_variation_market_matern,55,0.2507444097260465,circular_moving_block,3.0,0.22194900064941206,0.28142257229957224,10000,20463904
decision_rule,24h_prior,development,expected_rank_market_minus_matern,55,0.378587695537658,circular_moving_block,3.0,0.21881418587169157,0.5412495698738311,10000,20463904
decision_rule,24h_prior,development,modal_disagreement,55,0.6363636363636364,circular_moving_block,3.0,0.509090909090909,0.7636363636363637,10000,20463904
decision_rule,24h_prior,development,realised_event_probability_market_minus_matern,55,0.014234417035642535,circular_moving_block,3.0,-0.013261453439210084,0.04205745390922308,10000,20463904
decision_rule,24h_prior,development,categorical_log_matern_minus_market,55,0.011153015313076718,circular_moving_block,3.0,-0.12403376281979603,0.14283857854550727,10000,20463904
decision_rule,24h_prior,development,multiclass_brier_winner_component_matern_minus_market,55,0.023320424596022085,circular_moving_block,3.0,-0.015780538432562708,0.0624812104774039,10000,20463904
decision_rule,24h_prior,development,multiclass_brier_nonwinner_component_matern_minus_market,55,-0.03311136177747872,circular_moving_block,3.0,-0.046020133146667,-0.01937904537328578,10000,20463904
decision_rule,24h_prior,development,multiclass_brier_total_matern_minus_market,55,-0.009790937181456643,circular_moving_block,3.0,-0.05561113954190301,0.03539873140562858,10000,20463904
decision_rule,24h_prior,development,total_variation_market_matern,55,0.2507444097260465,circular_moving_block,5.0,0.22088115967669236,0.2822705173628993,10000,20464004
decision_rule,24h_prior,development,expected_rank_market_minus_matern,55,0.378587695537658,circular_moving_block,5.0,0.22088589151809634,0.5422682034572931,10000,20464004
decision_rule,24h_prior,development,modal_disagreement,55,0.6363636363636364,circular_moving_block,5.0,0.509090909090909,0.7636363636363637,10000,20464004
decision_rule,24h_prior,development,realised_event_probability_market_minus_matern,55,0.014234417035642535,circular_moving_block,5.0,-0.014340830196064256,0.042644954226909004,10000,20464004
decision_rule,24h_prior,development,categorical_log_matern_minus_market,55,0.011153015313076718,circular_moving_block,5.0,-0.12639645516731157,0.14654682258350457,10000,20464004
decision_rule,24h_prior,development,multiclass_brier_winner_component_matern_minus_market,55,0.023320424596022085,circular_moving_block,5.0,-0.01754954267933668,0.0636418042365107,10000,20464004
decision_rule,24h_prior,development,multiclass_brier_nonwinner_component_matern_minus_market,55,-0.03311136177747872,circular_moving_block,5.0,-0.04372246460489745,-0.021946635164178583,10000,20464004
decision_rule,24h_prior,development,multiclass_brier_total_matern_minus_market,55,-0.009790937181456643,circular_moving_block,5.0,-0.05296810448270897,0.03181241295663177,10000,20464004
decision_rule,24h_prior,development,total_variation_market_matern,55,0.2507444097260465,circular_moving_block,7.0,0.22085490206882685,0.2796323455807321,10000,20464104
decision_rule,24h_prior,development,expected_rank_market_minus_matern,55,0.378587695537658,circular_moving_block,7.0,0.21430536001859352,0.5470961751519431,10000,20464104
decision_rule,24h_prior,development,modal_disagreement,55,0.6363636363636364,circular_moving_block,7.0,0.5272727272727272,0.7454545454545455,10000,20464104
decision_rule,24h_prior,development,realised_event_probability_market_minus_matern,55,0.014234417035642535,circular_moving_block,7.0,-0.015614451584857223,0.043946672317559915,10000,20464104
decision_rule,24h_prior,development,categorical_log_matern_minus_market,55,0.011153015313076718,circular_moving_block,7.0,-0.12995864557135775,0.1514682999135662,10000,20464104
decision_rule,24h_prior,development,multiclass_brier_winner_component_matern_minus_market,55,0.023320424596022085,circular_moving_block,7.0,-0.019389309059464586,0.06581632736427735,10000,20464104
decision_rule,24h_prior,development,multiclass_brier_nonwinner_component_matern_minus_market,55,-0.03311136177747872,circular_moving_block,7.0,-0.043253139311583685,-0.022764600533786303,10000,20464104
decision_rule,24h_prior,development,multiclass_brier_total_matern_minus_market,55,-0.009790937181456643,circular_moving_block,7.0,-0.053644024547239086,0.03359118686288408,10000,20464104
decision_rule,24h_prior,june_external,total_variation_market_matern,27,0.2929132645810112,ordinary_date,,0.24569072360185532,0.3432677896964405,10000,20464804
decision_rule,24h_prior,june_external,expected_rank_market_minus_matern,27,0.6245828848720855,ordinary_date,,0.3213572744435124,0.9297125010357318,10000,20464804
decision_rule,24h_prior,june_external,modal_disagreement,27,0.8518518518518519,ordinary_date,,0.7037037037037037,0.9629629629629629,10000,20464804
decision_rule,24h_prior,june_external,realised_event_probability_market_minus_matern,27,0.08884373083570361,ordinary_date,,0.05503007393947398,0.11883472033604218,10000,20464804
decision_rule,24h_prior,june_external,categorical_log_matern_minus_market,27,0.37479750896870273,ordinary_date,,0.22102172668005757,0.5125090771846054,10000,20464804
decision_rule,24h_prior,june_external,multiclass_brier_winner_component_matern_minus_market,27,0.1341144532067663,ordinary_date,,0.08369846596459377,0.17887043899757665,10000,20464804
decision_rule,24h_prior,june_external,multiclass_brier_nonwinner_component_matern_minus_market,27,-0.024694336953455,ordinary_date,,-0.044689802633237054,-0.005119279321761928,10000,20464804
decision_rule,24h_prior,june_external,multiclass_brier_total_matern_minus_market,27,0.1094201162533113,ordinary_date,,0.04472361975734152,0.1675425055920366,10000,20464804
decision_rule,24h_prior,june_external,total_variation_market_matern,27,0.2929132645810112,circular_moving_block,3.0,0.2461256694185375,0.339649221578682,10000,20464904
decision_rule,24h_prior,june_external,expected_rank_market_minus_matern,27,0.6245828848720855,circular_moving_block,3.0,0.34839433431340566,0.8770425871838732,10000,20464904
decision_rule,24h_prior,june_external,modal_disagreement,27,0.8518518518518519,circular_moving_block,3.0,0.7407407407407407,0.9629629629629629,10000,20464904
decision_rule,24h_prior,june_external,realised_event_probability_market_minus_matern,27,0.08884373083570361,circular_moving_block,3.0,0.05829194906481008,0.11837752872110086,10000,20464904
decision_rule,24h_prior,june_external,categorical_log_matern_minus_market,27,0.37479750896870273,circular_moving_block,3.0,0.22915127293505688,0.508540479996853,10000,20464904
decision_rule,24h_prior,june_external,multiclass_brier_winner_component_matern_minus_market,27,0.1341144532067663,circular_moving_block,3.0,0.08767100679479826,0.1782262244454244,10000,20464904
decision_rule,24h_prior,june_external,multiclass_brier_nonwinner_component_matern_minus_market,27,-0.024694336953455,circular_moving_block,3.0,-0.0494163243846807,-0.0033408828147166816,10000,20464904
decision_rule,24h_prior,june_external,multiclass_brier_total_matern_minus_market,27,0.1094201162533113,circular_moving_block,3.0,0.0492845745062349,0.16164670827122318,10000,20464904
decision_rule,24h_prior,june_external,total_variation_market_matern,27,0.2929132645810112,circular_moving_block,5.0,0.24854098245431394,0.34140789941024446,10000,20465004
decision_rule,24h_prior,june_external,expected_rank_market_minus_matern,27,0.6245828848720855,circular_moving_block,5.0,0.3670023439767143,0.8616258302569209,10000,20465004
decision_rule,24h_prior,june_external,modal_disagreement,27,0.8518518518518519,circular_moving_block,5.0,0.7407407407407407,0.9629629629629629,10000,20465004
decision_rule,24h_prior,june_external,realised_event_probability_market_minus_matern,27,0.08884373083570361,circular_moving_block,5.0,0.06306393292338398,0.11712412304907117,10000,20465004
decision_rule,24h_prior,june_external,categorical_log_matern_minus_market,27,0.37479750896870273,circular_moving_block,5.0,0.25153049995169835,0.5022706402138336,10000,20465004
decision_rule,24h_prior,june_external,multiclass_brier_winner_component_matern_minus_market,27,0.1341144532067663,circular_moving_block,5.0,0.09506857959023747,0.17611004114910891,10000,20465004
decision_rule,24h_prior,june_external,multiclass_brier_nonwinner_component_matern_minus_market,27,-0.024694336953455,circular_moving_block,5.0,-0.053171387501852144,-0.0012007979167927216,10000,20465004
decision_rule,24h_prior,june_external,multiclass_brier_total_matern_minus_market,27,0.1094201162533113,circular_moving_block,5.0,0.057741582999051355,0.15809545893553972,10000,20465004
decision_rule,24h_prior,june_external,total_variation_market_matern,27,0.2929132645810112,circular_moving_block,7.0,0.24756376325791712,0.34210377964099536,10000,20465104
decision_rule,24h_prior,june_external,expected_rank_market_minus_matern,27,0.6245828848720855,circular_moving_block,7.0,0.3625093089639788,0.8609855111014503,10000,20465104
decision_rule,24h_prior,june_external,modal_disagreement,27,0.8518518518518519,circular_moving_block,7.0,0.7407407407407407,0.9629629629629629,10000,20465104
decision_rule,24h_prior,june_external,realised_event_probability_market_minus_matern,27,0.08884373083570361,circular_moving_block,7.0,0.06961644627608873,0.11370649949189138,10000,20465104
decision_rule,24h_prior,june_external,categorical_log_matern_minus_market,27,0.37479750896870273,circular_moving_block,7.0,0.2764909480679785,0.48691495395589407,10000,20465104
decision_rule,24h_prior,june_external,multiclass_brier_winner_component_matern_minus_market,27,0.1341144532067663,circular_moving_block,7.0,0.10367527820997699,0.17135574725369573,10000,20465104
decision_rule,24h_prior,june_external,multiclass_brier_nonwinner_component_matern_minus_market,27,-0.024694336953455,circular_moving_block,7.0,-0.05496347369488229,0.0010026802512587097,10000,20465104
decision_rule,24h_prior,june_external,multiclass_brier_total_matern_minus_market,27,0.1094201162533113,circular_moving_block,7.0,0.06462459828067528,0.15075177923872793,10000,20465104
decision_rule,24h_prior,all_exact_support,total_variation_market_matern,82,0.2646292765685349,ordinary_date,,0.2396554412614467,0.290102255672249,10000,20465804
decision_rule,24h_prior,all_exact_support,expected_rank_market_minus_matern,82,0.4595861115380183,ordinary_date,,0.30131690372138975,0.6157957587682573,10000,20465804
decision_rule,24h_prior,all_exact_support,modal_disagreement,82,0.7073170731707317,ordinary_date,,0.6097560975609756,0.8048780487804879,10000,20465804
decision_rule,24h_prior,all_exact_support,realised_event_probability_market_minus_matern,82,0.03880089840883337,ordinary_date,,0.01534829477833439,0.06136408374236739,10000,20465804
decision_rule,24h_prior,all_exact_support,categorical_log_matern_minus_market,82,0.13088961688261214,ordinary_date,,0.00900738454246095,0.2488026024915261,10000,20465804
decision_rule,24h_prior,all_exact_support,multiclass_brier_winner_component_matern_minus_market,82,0.059801385236145185,ordinary_date,,0.025149652146666143,0.09396408030218567,10000,20465804
decision_rule,24h_prior,all_exact_support,multiclass_brier_nonwinner_component_matern_minus_market,82,-0.03033990238420262,ordinary_date,,-0.042761308849910994,-0.017117874826225527,10000,20465804
decision_rule,24h_prior,all_exact_support,multiclass_brier_total_matern_minus_market,82,0.029461482851942555,ordinary_date,,-0.014595930015168993,0.0725136111527552,10000,20465804
decision_rule,24h_prior,all_exact_support,total_variation_market_matern,82,0.2646292765685349,circular_moving_block,3.0,0.23940931640181168,0.28982657483437557,10000,20465904
decision_rule,24h_prior,all_exact_support,expected_rank_market_minus_matern,82,0.4595861115380183,circular_moving_block,3.0,0.3174283823150027,0.5963367994705515,10000,20465904
decision_rule,24h_prior,all_exact_support,modal_disagreement,82,0.7073170731707317,circular_moving_block,3.0,0.5975609756097561,0.8048780487804879,10000,20465904
decision_rule,24h_prior,all_exact_support,realised_event_probability_market_minus_matern,82,0.03880089840883337,circular_moving_block,3.0,0.014475456621727221,0.062422646207344674,10000,20465904
decision_rule,24h_prior,all_exact_support,categorical_log_matern_minus_market,82,0.13088961688261214,circular_moving_block,3.0,0.01114792735777312,0.2471905002758522,10000,20465904
decision_rule,24h_prior,all_exact_support,multiclass_brier_winner_component_matern_minus_market,82,0.059801385236145185,circular_moving_block,3.0,0.024514781931760498,0.09443451374114287,10000,20465904
decision_rule,24h_prior,all_exact_support,multiclass_brier_nonwinner_component_matern_minus_market,82,-0.03033990238420262,circular_moving_block,3.0,-0.04230781585711304,-0.018514026156690032,10000,20465904
decision_rule,24h_prior,all_exact_support,multiclass_brier_total_matern_minus_market,82,0.029461482851942555,circular_moving_block,3.0,-0.012013237035884633,0.07000343880006309,10000,20465904
decision_rule,24h_prior,all_exact_support,total_variation_market_matern,82,0.2646292765685349,circular_moving_block,5.0,0.24018540663848964,0.29028708129254405,10000,20466004
decision_rule,24h_prior,all_exact_support,expected_rank_market_minus_matern,82,0.4595861115380183,circular_moving_block,5.0,0.3257184536308028,0.5976133036743951,10000,20466004
decision_rule,24h_prior,all_exact_support,modal_disagreement,82,0.7073170731707317,circular_moving_block,5.0,0.5975609756097561,0.8048780487804879,10000,20466004
decision_rule,24h_prior,all_exact_support,realised_event_probability_market_minus_matern,82,0.03880089840883337,circular_moving_block,5.0,0.013459967854880222,0.06311394645616408,10000,20466004
decision_rule,24h_prior,all_exact_support,categorical_log_matern_minus_market,82,0.13088961688261214,circular_moving_block,5.0,0.00511918495919122,0.25162981109840876,10000,20466004
decision_rule,24h_prior,all_exact_support,multiclass_brier_winner_component_matern_minus_market,82,0.059801385236145185,circular_moving_block,5.0,0.02308729801228863,0.09554943037731935,10000,20466004
decision_rule,24h_prior,all_exact_support,multiclass_brier_nonwinner_component_matern_minus_market,82,-0.03033990238420262,circular_moving_block,5.0,-0.042059259170016405,-0.018929907038833745,10000,20466004
decision_rule,24h_prior,all_exact_support,multiclass_brier_total_matern_minus_market,82,0.029461482851942555,circular_moving_block,5.0,-0.011539550588323982,0.06931353254277456,10000,20466004
decision_rule,24h_prior,all_exact_support,total_variation_market_matern,82,0.2646292765685349,circular_moving_block,7.0,0.23990020165232911,0.28972086321325624,10000,20466104
decision_rule,24h_prior,all_exact_support,expected_rank_market_minus_matern,82,0.4595861115380183,circular_moving_block,7.0,0.32757531830475695,0.5996093446055236,10000,20466104
decision_rule,24h_prior,all_exact_support,modal_disagreement,82,0.7073170731707317,circular_moving_block,7.0,0.6097560975609756,0.8048780487804879,10000,20466104
decision_rule,24h_prior,all_exact_support,realised_event_probability_market_minus_matern,82,0.03880089840883337,circular_moving_block,7.0,0.013186345695270794,0.06359525116314073,10000,20466104
decision_rule,24h_prior,all_exact_support,categorical_log_matern_minus_market,82,0.13088961688261214,circular_moving_block,7.0,0.0013629061786530358,0.2564422924591622,10000,20466104
decision_rule,24h_prior,all_exact_support,multiclass_brier_winner_component_matern_minus_market,82,0.059801385236145185,circular_moving_block,7.0,0.021965015718469236,0.09660367520763248,10000,20466104
decision_rule,24h_prior,all_exact_support,multiclass_brier_nonwinner_component_matern_minus_market,82,-0.03033990238420262,circular_moving_block,7.0,-0.04255086470368629,-0.018366211154003647,10000,20466104
decision_rule,24h_prior,all_exact_support,multiclass_brier_total_matern_minus_market,82,0.029461482851942555,circular_moving_block,7.0,-0.012126361378309431,0.07031309162047482,10000,20466104
decision_rule,12h_prior,development,total_variation_market_matern,60,0.2745266714910099,ordinary_date,,0.24566939304468155,0.3043427608748313,10000,20466804
decision_rule,12h_prior,development,expected_rank_market_minus_matern,60,0.5303689193946719,ordinary_date,,0.36127931788146933,0.6966042998881518,10000,20466804
decision_rule,12h_prior,development,modal_disagreement,60,0.55,ordinary_date,,0.4166666666666667,0.6666666666666666,10000,20466804
decision_rule,12h_prior,development,realised_event_probability_market_minus_matern,60,0.03978900919109696,ordinary_date,,0.011515828800754808,0.06741895165751004,10000,20466804
decision_rule,12h_prior,development,categorical_log_matern_minus_market,60,0.06881386659757514,ordinary_date,,-0.0999101909356815,0.22751560941698495,10000,20466804
decision_rule,12h_prior,development,multiclass_brier_winner_component_matern_minus_market,60,0.054346724198589554,ordinary_date,,0.011872613288354922,0.09602791433169386,10000,20466804
decision_rule,12h_prior,development,multiclass_brier_nonwinner_component_matern_minus_market,60,-0.0352785039417389,ordinary_date,,-0.050411207999256614,-0.020411056890249805,10000,20466804
decision_rule,12h_prior,development,multiclass_brier_total_matern_minus_market,60,0.019068220256850666,ordinary_date,,-0.03553637976264594,0.07272094952140705,10000,20466804
decision_rule,12h_prior,development,total_variation_market_matern,60,0.2745266714910099,circular_moving_block,3.0,0.24585411460140247,0.3048452098230521,10000,20466904
decision_rule,12h_prior,development,expected_rank_market_minus_matern,60,0.5303689193946719,circular_moving_block,3.0,0.3714364475574193,0.6964638722536806,10000,20466904
decision_rule,12h_prior,development,modal_disagreement,60,0.55,circular_moving_block,3.0,0.43333333333333335,0.6666666666666666,10000,20466904
decision_rule,12h_prior,development,realised_event_probability_market_minus_matern,60,0.03978900919109696,circular_moving_block,3.0,0.012417188233447491,0.06695851007802735,10000,20466904
decision_rule,12h_prior,development,categorical_log_matern_minus_market,60,0.06881386659757514,circular_moving_block,3.0,-0.09043908754601286,0.21597492836149795,10000,20466904
decision_rule,12h_prior,development,multiclass_brier_winner_component_matern_minus_market,60,0.054346724198589554,circular_moving_block,3.0,0.014246730262514112,0.09384983150867192,10000,20466904
decision_rule,12h_prior,development,multiclass_brier_nonwinner_component_matern_minus_market,60,-0.0352785039417389,circular_moving_block,3.0,-0.049110048826401756,-0.02235059170385547,10000,20466904
decision_rule,12h_prior,development,multiclass_brier_total_matern_minus_market,60,0.019068220256850666,circular_moving_block,3.0,-0.030295842312041327,0.06722049735093866,10000,20466904
decision_rule,12h_prior,development,total_variation_market_matern,60,0.2745266714910099,circular_moving_block,5.0,0.24716765136457466,0.3026724709453879,10000,20467004
decision_rule,12h_prior,development,expected_rank_market_minus_matern,60,0.5303689193946719,circular_moving_block,5.0,0.385946233646729,0.6798457845756839,10000,20467004
decision_rule,12h_prior,development,modal_disagreement,60,0.55,circular_moving_block,5.0,0.43333333333333335,0.6666666666666666,10000,20467004
decision_rule,12h_prior,development,realised_event_probability_market_minus_matern,60,0.03978900919109696,circular_moving_block,5.0,0.011799235807625473,0.06910729952766127,10000,20467004
decision_rule,12h_prior,development,categorical_log_matern_minus_market,60,0.06881386659757514,circular_moving_block,5.0,-0.1027478275776916,0.2237287818285376,10000,20467004
decision_rule,12h_prior,development,multiclass_brier_winner_component_matern_minus_market,60,0.054346724198589554,circular_moving_block,5.0,0.01227770486106885,0.09695758004527849,10000,20467004
decision_rule,12h_prior,development,multiclass_brier_nonwinner_component_matern_minus_market,60,-0.0352785039417389,circular_moving_block,5.0,-0.04863607190397245,-0.022386219938832722,10000,20467004
decision_rule,12h_prior,development,multiclass_brier_total_matern_minus_market,60,0.019068220256850666,circular_moving_block,5.0,-0.0309161813475411,0.06810973025608325,10000,20467004
decision_rule,12h_prior,development,total_variation_market_matern,60,0.2745266714910099,circular_moving_block,7.0,0.24900955478161843,0.3008490503579448,10000,20467104
decision_rule,12h_prior,development,expected_rank_market_minus_matern,60,0.5303689193946719,circular_moving_block,7.0,0.393302507931714,0.6761445957625091,10000,20467104
decision_rule,12h_prior,development,modal_disagreement,60,0.55,circular_moving_block,7.0,0.43333333333333335,0.6833333333333333,10000,20467104
decision_rule,12h_prior,development,realised_event_probability_market_minus_matern,60,0.03978900919109696,circular_moving_block,7.0,0.012015599768573,0.06846702989029241,10000,20467104
decision_rule,12h_prior,development,categorical_log_matern_minus_market,60,0.06881386659757514,circular_moving_block,7.0,-0.09583478040807487,0.22729051740174888,10000,20467104
decision_rule,12h_prior,development,multiclass_brier_winner_component_matern_minus_market,60,0.054346724198589554,circular_moving_block,7.0,0.013854179475864191,0.09671322433861403,10000,20467104
decision_rule,12h_prior,development,multiclass_brier_nonwinner_component_matern_minus_market,60,-0.0352785039417389,circular_moving_block,7.0,-0.04742118979367418,-0.023359786110584778,10000,20467104
decision_rule,12h_prior,development,multiclass_brier_total_matern_minus_market,60,0.019068220256850666,circular_moving_block,7.0,-0.027529773001232993,0.06581467567405061,10000,20467104
decision_rule,12h_prior,june_external,total_variation_market_matern,28,0.26160682858246453,ordinary_date,,0.22936691487446384,0.29530804969758007,10000,20467804
decision_rule,12h_prior,june_external,expected_rank_market_minus_matern,28,0.5055839605204456,ordinary_date,,0.30108445235784814,0.6998584268872653,10000,20467804
decision_rule,12h_prior,june_external,modal_disagreement,28,0.6071428571428571,ordinary_date,,0.42857142857142855,0.7857142857142857,10000,20467804
decision_rule,12h_prior,june_external,realised_event_probability_market_minus_matern,28,0.0804507191587573,ordinary_date,,0.042857531251628785,0.11537465697775624,10000,20467804
decision_rule,12h_prior,june_external,categorical_log_matern_minus_market,28,0.25190144195682945,ordinary_date,,0.0649084329263397,0.4129953425015642,10000,20467804
decision_rule,12h_prior,june_external,multiclass_brier_winner_component_matern_minus_market,28,0.11006079629119288,ordinary_date,,0.05360572952634616,0.16218753972643865,10000,20467804
decision_rule,12h_prior,june_external,multiclass_brier_nonwinner_component_matern_minus_market,28,-0.03579934144698791,ordinary_date,,-0.05784429378281583,-0.015939345136593095,10000,20467804
decision_rule,12h_prior,june_external,multiclass_brier_total_matern_minus_market,28,0.07426145484420497,ordinary_date,,0.00011727469381381376,0.14303272004319875,10000,20467804
decision_rule,12h_prior,june_external,total_variation_market_matern,28,0.26160682858246453,circular_moving_block,3.0,0.2237884393926935,0.30379717434914155,10000,20467904
decision_rule,12h_prior,june_external,expected_rank_market_minus_matern,28,0.5055839605204456,circular_moving_block,3.0,0.3043359675585817,0.7029830659200957,10000,20467904
decision_rule,12h_prior,june_external,modal_disagreement,28,0.6071428571428571,circular_moving_block,3.0,0.42857142857142855,0.7857142857142857,10000,20467904
decision_rule,12h_prior,june_external,realised_event_probability_market_minus_matern,28,0.0804507191587573,circular_moving_block,3.0,0.0428615692129361,0.11756425880987738,10000,20467904
decision_rule,12h_prior,june_external,categorical_log_matern_minus_market,28,0.25190144195682945,circular_moving_block,3.0,0.06958732638029866,0.42340049770553406,10000,20467904
decision_rule,12h_prior,june_external,multiclass_brier_winner_component_matern_minus_market,28,0.11006079629119288,circular_moving_block,3.0,0.054202039916932225,0.1644924346681497,10000,20467904
decision_rule,12h_prior,june_external,multiclass_brier_nonwinner_component_matern_minus_market,28,-0.03579934144698791,circular_moving_block,3.0,-0.05899269537614458,-0.01688344138104746,10000,20467904
decision_rule,12h_prior,june_external,multiclass_brier_total_matern_minus_market,28,0.07426145484420497,circular_moving_block,3.0,0.00424400936011504,0.14139222012288052,10000,20467904
decision_rule,12h_prior,june_external,total_variation_market_matern,28,0.26160682858246453,circular_moving_block,5.0,0.22612973049206464,0.30714804727056205,10000,20468004
decision_rule,12h_prior,june_external,expected_rank_market_minus_matern,28,0.5055839605204456,circular_moving_block,5.0,0.3272657623612346,0.6885753849948725,10000,20468004
decision_rule,12h_prior,june_external,modal_disagreement,28,0.6071428571428571,circular_moving_block,5.0,0.42857142857142855,0.75,10000,20468004
decision_rule,12h_prior,june_external,realised_event_probability_market_minus_matern,28,0.0804507191587573,circular_moving_block,5.0,0.04474961917650446,0.11496129114187816,10000,20468004
decision_rule,12h_prior,june_external,categorical_log_matern_minus_market,28,0.25190144195682945,circular_moving_block,5.0,0.07870322313077159,0.4159951822195278,10000,20468004
decision_rule,12h_prior,june_external,multiclass_brier_winner_component_matern_minus_market,28,0.11006079629119288,circular_moving_block,5.0,0.05684005099136695,0.16173900783386416,10000,20468004
decision_rule,12h_prior,june_external,multiclass_brier_nonwinner_component_matern_minus_market,28,-0.03579934144698791,circular_moving_block,5.0,-0.05871451322794254,-0.01834533170719121,10000,20468004
decision_rule,12h_prior,june_external,multiclass_brier_total_matern_minus_market,28,0.07426145484420497,circular_moving_block,5.0,0.01148771266774785,0.13419976419485766,10000,20468004
decision_rule,12h_prior,june_external,total_variation_market_matern,28,0.26160682858246453,circular_moving_block,7.0,0.2229914775229622,0.30475666663194617,10000,20468104
decision_rule,12h_prior,june_external,expected_rank_market_minus_matern,28,0.5055839605204456,circular_moving_block,7.0,0.34005406386655407,0.6418715813722394,10000,20468104
decision_rule,12h_prior,june_external,modal_disagreement,28,0.6071428571428571,circular_moving_block,7.0,0.4642857142857143,0.75,10000,20468104
decision_rule,12h_prior,june_external,realised_event_probability_market_minus_matern,28,0.0804507191587573,circular_moving_block,7.0,0.050833154384511726,0.11079952178568055,10000,20468104
decision_rule,12h_prior,june_external,categorical_log_matern_minus_market,28,0.25190144195682945,circular_moving_block,7.0,0.09890409234033083,0.39778768867807596,10000,20468104
decision_rule,12h_prior,june_external,multiclass_brier_winner_component_matern_minus_market,28,0.11006079629119288,circular_moving_block,7.0,0.06575956552054102,0.15474791158573045,10000,20468104
decision_rule,12h_prior,june_external,multiclass_brier_nonwinner_component_matern_minus_market,28,-0.03579934144698791,circular_moving_block,7.0,-0.05615732629285678,-0.02066501860199133,10000,20468104
decision_rule,12h_prior,june_external,multiclass_brier_total_matern_minus_market,28,0.07426145484420497,circular_moving_block,7.0,0.03265342189642462,0.12438038822108054,10000,20468104
decision_rule,12h_prior,all_exact_support,total_variation_market_matern,88,0.2704158123837454,ordinary_date,,0.2481048118964367,0.2927941341256147,10000,20468804
decision_rule,12h_prior,all_exact_support,expected_rank_market_minus_matern,88,0.522482796116509,ordinary_date,,0.39394671391578145,0.6515500779082295,10000,20468804
decision_rule,12h_prior,all_exact_support,modal_disagreement,88,0.5681818181818182,ordinary_date,,0.4659090909090909,0.6704545454545454,10000,20468804
decision_rule,12h_prior,all_exact_support,realised_event_probability_market_minus_matern,88,0.052726825998988876,ordinary_date,,0.029457325831677407,0.07570933718284026,10000,20468804
decision_rule,12h_prior,all_exact_support,categorical_log_matern_minus_market,88,0.12706900421188336,ordinary_date,,-0.005102652676973237,0.2501542877577751,10000,20468804
decision_rule,12h_prior,all_exact_support,multiclass_brier_winner_component_matern_minus_market,88,0.07207392895532698,ordinary_date,,0.03743326860144487,0.10561617080072265,10000,20468804
decision_rule,12h_prior,all_exact_support,multiclass_brier_nonwinner_component_matern_minus_market,88,-0.035444224966136306,ordinary_date,,-0.047817951623947544,-0.02336108623758538,10000,20468804
decision_rule,12h_prior,all_exact_support,multiclass_brier_total_matern_minus_market,88,0.03662970398919067,ordinary_date,,-0.007674271050551939,0.08050977344019616,10000,20468804
decision_rule,12h_prior,all_exact_support,total_variation_market_matern,88,0.2704158123837454,circular_moving_block,3.0,0.24710495177985345,0.2953267719092323,10000,20468904
decision_rule,12h_prior,all_exact_support,expected_rank_market_minus_matern,88,0.522482796116509,circular_moving_block,3.0,0.393767952425094,0.6557806901596808,10000,20468904
decision_rule,12h_prior,all_exact_support,modal_disagreement,88,0.5681818181818182,circular_moving_block,3.0,0.4659090909090909,0.6704545454545454,10000,20468904
decision_rule,12h_prior,all_exact_support,realised_event_probability_market_minus_matern,88,0.052726825998988876,circular_moving_block,3.0,0.029663517060711922,0.07558712334651141,10000,20468904
decision_rule,12h_prior,all_exact_support,categorical_log_matern_minus_market,88,0.12706900421188336,circular_moving_block,3.0,-0.0021619942941666745,0.24494581220225367,10000,20468904
decision_rule,12h_prior,all_exact_support,multiclass_brier_winner_component_matern_minus_market,88,0.07207392895532698,circular_moving_block,3.0,0.038277328190166625,0.10528400803495283,10000,20468904
decision_rule,12h_prior,all_exact_support,multiclass_brier_nonwinner_component_matern_minus_market,88,-0.035444224966136306,circular_moving_block,3.0,-0.04738709482258474,-0.024261225086190122,10000,20468904
decision_rule,12h_prior,all_exact_support,multiclass_brier_total_matern_minus_market,88,0.03662970398919067,circular_moving_block,3.0,-0.00476797554350157,0.07714248700433099,10000,20468904
decision_rule,12h_prior,all_exact_support,total_variation_market_matern,88,0.2704158123837454,circular_moving_block,5.0,0.24784029337627433,0.29439308544583653,10000,20469004
decision_rule,12h_prior,all_exact_support,expected_rank_market_minus_matern,88,0.522482796116509,circular_moving_block,5.0,0.4082289735452077,0.6438888151173349,10000,20469004
decision_rule,12h_prior,all_exact_support,modal_disagreement,88,0.5681818181818182,circular_moving_block,5.0,0.4659090909090909,0.6704545454545454,10000,20469004
decision_rule,12h_prior,all_exact_support,realised_event_probability_market_minus_matern,88,0.052726825998988876,circular_moving_block,5.0,0.029581041632518557,0.07491849473203818,10000,20469004
decision_rule,12h_prior,all_exact_support,categorical_log_matern_minus_market,88,0.12706900421188336,circular_moving_block,5.0,-0.005650631114242973,0.2452168823134112,10000,20469004
decision_rule,12h_prior,all_exact_support,multiclass_brier_winner_component_matern_minus_market,88,0.07207392895532698,circular_moving_block,5.0,0.037850209649229125,0.10459930799413736,10000,20469004
decision_rule,12h_prior,all_exact_support,multiclass_brier_nonwinner_component_matern_minus_market,88,-0.035444224966136306,circular_moving_block,5.0,-0.04735074444809975,-0.024364018246433288,10000,20469004
decision_rule,12h_prior,all_exact_support,multiclass_brier_total_matern_minus_market,88,0.03662970398919067,circular_moving_block,5.0,-0.003740961156268404,0.07440419848380446,10000,20469004
decision_rule,12h_prior,all_exact_support,total_variation_market_matern,88,0.2704158123837454,circular_moving_block,7.0,0.2484916454268466,0.2926806972837195,10000,20469104
decision_rule,12h_prior,all_exact_support,expected_rank_market_minus_matern,88,0.522482796116509,circular_moving_block,7.0,0.4115893369952899,0.6365303463990711,10000,20469104
decision_rule,12h_prior,all_exact_support,modal_disagreement,88,0.5681818181818182,circular_moving_block,7.0,0.4659090909090909,0.6704545454545454,10000,20469104
decision_rule,12h_prior,all_exact_support,realised_event_probability_market_minus_matern,88,0.052726825998988876,circular_moving_block,7.0,0.03144422957107852,0.07374609573361508,10000,20469104
decision_rule,12h_prior,all_exact_support,categorical_log_matern_minus_market,88,0.12706900421188336,circular_moving_block,7.0,-0.0020849740695650966,0.24475831847255916,10000,20469104
decision_rule,12h_prior,all_exact_support,multiclass_brier_winner_component_matern_minus_market,88,0.07207392895532698,circular_moving_block,7.0,0.039656400624758364,0.10335133579053259,10000,20469104
decision_rule,12h_prior,all_exact_support,multiclass_brier_nonwinner_component_matern_minus_market,88,-0.035444224966136306,circular_moving_block,7.0,-0.04636124614092074,-0.024919331578573425,10000,20469104
decision_rule,12h_prior,all_exact_support,multiclass_brier_total_matern_minus_market,88,0.03662970398919067,circular_moving_block,7.0,0.00052071484175824,0.07084053365996063,10000,20469104
decision_rule,6h_prior,development,total_variation_market_matern,58,0.31391356724674563,ordinary_date,,0.2849757885161033,0.34264741311872987,10000,20469804
decision_rule,6h_prior,development,expected_rank_market_minus_matern,58,0.4047510725356071,ordinary_date,,0.21516285074301175,0.5921795224072418,10000,20469804
decision_rule,6h_prior,development,modal_disagreement,58,0.6551724137931034,ordinary_date,,0.5344827586206896,0.7758620689655172,10000,20469804
decision_rule,6h_prior,development,realised_event_probability_market_minus_matern,58,0.05651129913502896,ordinary_date,,0.01875245674002202,0.09395235604901532,10000,20469804
decision_rule,6h_prior,development,categorical_log_matern_minus_market,58,0.05431234004005254,ordinary_date,,-0.13540437217878853,0.23363647153392092,10000,20469804
decision_rule,6h_prior,development,multiclass_brier_winner_component_matern_minus_market,58,0.06897801380220667,ordinary_date,,0.01812860876102922,0.11993296090465007,10000,20469804
decision_rule,6h_prior,development,multiclass_brier_nonwinner_component_matern_minus_market,58,-0.04912718401791037,ordinary_date,,-0.07313063698105819,-0.02621101807681109,10000,20469804
decision_rule,6h_prior,development,multiclass_brier_total_matern_minus_market,58,0.019850829784296295,ordinary_date,,-0.05076135836693233,0.09077699811673108,10000,20469804
decision_rule,6h_prior,development,total_variation_market_matern,58,0.31391356724674563,circular_moving_block,3.0,0.2811032524927326,0.3448151640354462,10000,20469904
decision_rule,6h_prior,development,expected_rank_market_minus_matern,58,0.4047510725356071,circular_moving_block,3.0,0.22494743347335963,0.5879897187503015,10000,20469904
decision_rule,6h_prior,development,modal_disagreement,58,0.6551724137931034,circular_moving_block,3.0,0.5172413793103449,0.7758620689655172,10000,20469904
decision_rule,6h_prior,development,realised_event_probability_market_minus_matern,58,0.05651129913502896,circular_moving_block,3.0,0.017087117178273367,0.09541116082250443,10000,20469904
decision_rule,6h_prior,development,categorical_log_matern_minus_market,58,0.05431234004005254,circular_moving_block,3.0,-0.1493316919204793,0.2421904362916737,10000,20469904
decision_rule,6h_prior,development,multiclass_brier_winner_component_matern_minus_market,58,0.06897801380220667,circular_moving_block,3.0,0.015600376832624425,0.12202998597851034,10000,20469904
decision_rule,6h_prior,development,multiclass_brier_nonwinner_component_matern_minus_market,58,-0.04912718401791037,circular_moving_block,3.0,-0.0710075778166703,-0.028732523139481103,10000,20469904
decision_rule,6h_prior,development,multiclass_brier_total_matern_minus_market,58,0.019850829784296295,circular_moving_block,3.0,-0.050909404698306626,0.08911284817852048,10000,20469904
decision_rule,6h_prior,development,total_variation_market_matern,58,0.31391356724674563,circular_moving_block,5.0,0.27768232908724205,0.34672144282236256,10000,20470004
decision_rule,6h_prior,development,expected_rank_market_minus_matern,58,0.4047510725356071,circular_moving_block,5.0,0.23585148549765342,0.5858564321072186,10000,20470004
decision_rule,6h_prior,development,modal_disagreement,58,0.6551724137931034,circular_moving_block,5.0,0.5172413793103449,0.7931034482758621,10000,20470004
decision_rule,6h_prior,development,realised_event_probability_market_minus_matern,58,0.05651129913502896,circular_moving_block,5.0,0.016442480532585055,0.09595786597886466,10000,20470004
decision_rule,6h_prior,development,categorical_log_matern_minus_market,58,0.05431234004005254,circular_moving_block,5.0,-0.14746046246961997,0.2407156619271625,10000,20470004
decision_rule,6h_prior,development,multiclass_brier_winner_component_matern_minus_market,58,0.06897801380220667,circular_moving_block,5.0,0.016439976170299905,0.12155215624524013,10000,20470004
decision_rule,6h_prior,development,multiclass_brier_nonwinner_component_matern_minus_market,58,-0.04912718401791037,circular_moving_block,5.0,-0.06953373099589506,-0.02996049625977925,10000,20470004
decision_rule,6h_prior,development,multiclass_brier_total_matern_minus_market,58,0.019850829784296295,circular_moving_block,5.0,-0.04904035827465745,0.08740869131418556,10000,20470004
decision_rule,6h_prior,development,total_variation_market_matern,58,0.31391356724674563,circular_moving_block,7.0,0.27664074182456594,0.34795647066449525,10000,20470104
decision_rule,6h_prior,development,expected_rank_market_minus_matern,58,0.4047510725356071,circular_moving_block,7.0,0.2291203011693864,0.593903785965032,10000,20470104
decision_rule,6h_prior,development,modal_disagreement,58,0.6551724137931034,circular_moving_block,7.0,0.5172413793103449,0.7931034482758621,10000,20470104
decision_rule,6h_prior,development,realised_event_probability_market_minus_matern,58,0.05651129913502896,circular_moving_block,7.0,0.015386053763932194,0.0950538495020722,10000,20470104
decision_rule,6h_prior,development,categorical_log_matern_minus_market,58,0.05431234004005254,circular_moving_block,7.0,-0.13829115677232562,0.23276341122681968,10000,20470104
decision_rule,6h_prior,development,multiclass_brier_winner_component_matern_minus_market,58,0.06897801380220667,circular_moving_block,7.0,0.018383959297884826,0.12001529417806119,10000,20470104
decision_rule,6h_prior,development,multiclass_brier_nonwinner_component_matern_minus_market,58,-0.04912718401791037,circular_moving_block,7.0,-0.06885834578590967,-0.030376703900382194,10000,20470104
decision_rule,6h_prior,development,multiclass_brier_total_matern_minus_market,58,0.019850829784296295,circular_moving_block,7.0,-0.04541934627954056,0.08324365062110238,10000,20470104
decision_rule,6h_prior,june_external,total_variation_market_matern,29,0.2652470232090941,ordinary_date,,0.22606346514342487,0.30468102452315177,10000,20470804
decision_rule,6h_prior,june_external,expected_rank_market_minus_matern,29,0.36735259782195945,ordinary_date,,0.14178123891033612,0.5944492821805971,10000,20470804
decision_rule,6h_prior,june_external,modal_disagreement,29,0.41379310344827586,ordinary_date,,0.2413793103448276,0.5862068965517241,10000,20470804
decision_rule,6h_prior,june_external,realised_event_probability_market_minus_matern,29,0.11575899039241018,ordinary_date,,0.078877796038922,0.15347645820967437,10000,20470804
decision_rule,6h_prior,june_external,categorical_log_matern_minus_market,29,0.40551446368550065,ordinary_date,,0.2707056131188636,0.5373110130276436,10000,20470804
decision_rule,6h_prior,june_external,multiclass_brier_winner_component_matern_minus_market,29,0.15876008350741663,ordinary_date,,0.10791067513115164,0.20941300711856312,10000,20470804
decision_rule,6h_prior,june_external,multiclass_brier_nonwinner_component_matern_minus_market,29,-0.02595450770922868,ordinary_date,,-0.04386626862432238,-0.00850963496028537,10000,20470804
decision_rule,6h_prior,june_external,multiclass_brier_total_matern_minus_market,29,0.13280557579818797,ordinary_date,,0.06849740656098526,0.19744346525249512,10000,20470804
decision_rule,6h_prior,june_external,total_variation_market_matern,29,0.2652470232090941,circular_moving_block,3.0,0.21838591369589644,0.31433954452561935,10000,20470904
decision_rule,6h_prior,june_external,expected_rank_market_minus_matern,29,0.36735259782195945,circular_moving_block,3.0,0.11795373166696284,0.6105924061071302,10000,20470904
decision_rule,6h_prior,june_external,modal_disagreement,29,0.41379310344827586,circular_moving_block,3.0,0.2413793103448276,0.5862068965517241,10000,20470904
decision_rule,6h_prior,june_external,realised_event_probability_market_minus_matern,29,0.11575899039241018,circular_moving_block,3.0,0.07482776250068217,0.16199947904985146,10000,20470904
decision_rule,6h_prior,june_external,categorical_log_matern_minus_market,29,0.40551446368550065,circular_moving_block,3.0,0.2600023338613759,0.5689046382480674,10000,20470904
decision_rule,6h_prior,june_external,multiclass_brier_winner_component_matern_minus_market,29,0.15876008350741663,circular_moving_block,3.0,0.10347614414370088,0.22064815692039869,10000,20470904
decision_rule,6h_prior,june_external,multiclass_brier_nonwinner_component_matern_minus_market,29,-0.02595450770922868,circular_moving_block,3.0,-0.04295753545607552,-0.0079216286862058,10000,20470904
decision_rule,6h_prior,june_external,multiclass_brier_total_matern_minus_market,29,0.13280557579818797,circular_moving_block,3.0,0.06825637541047558,0.20830153224757958,10000,20470904
decision_rule,6h_prior,june_external,total_variation_market_matern,29,0.2652470232090941,circular_moving_block,5.0,0.21412955759053084,0.3182943890666055,10000,20471004
decision_rule,6h_prior,june_external,expected_rank_market_minus_matern,29,0.36735259782195945,circular_moving_block,5.0,0.12895898631360117,0.58127703069742,10000,20471004
decision_rule,6h_prior,june_external,modal_disagreement,29,0.41379310344827586,circular_moving_block,5.0,0.27586206896551724,0.5862068965517241,10000,20471004
decision_rule,6h_prior,june_external,realised_event_probability_market_minus_matern,29,0.11575899039241018,circular_moving_block,5.0,0.0704613541604639,0.1684010725901697,10000,20471004
decision_rule,6h_prior,june_external,categorical_log_matern_minus_market,29,0.40551446368550065,circular_moving_block,5.0,0.24776451846249634,0.5891396652997446,10000,20471004
decision_rule,6h_prior,june_external,multiclass_brier_winner_component_matern_minus_market,29,0.15876008350741663,circular_moving_block,5.0,0.09797030526645052,0.22917504907907768,10000,20471004
decision_rule,6h_prior,june_external,multiclass_brier_nonwinner_component_matern_minus_market,29,-0.02595450770922868,circular_moving_block,5.0,-0.043401132137735346,-0.006065247414479797,10000,20471004
decision_rule,6h_prior,june_external,multiclass_brier_total_matern_minus_market,29,0.13280557579818797,circular_moving_block,5.0,0.06402088459927335,0.21780633333509103,10000,20471004
decision_rule,6h_prior,june_external,total_variation_market_matern,29,0.2652470232090941,circular_moving_block,7.0,0.2091318126900544,0.3200251622658204,10000,20471104
decision_rule,6h_prior,june_external,expected_rank_market_minus_matern,29,0.36735259782195945,circular_moving_block,7.0,0.17738427209178553,0.5378182094265055,10000,20471104
decision_rule,6h_prior,june_external,modal_disagreement,29,0.41379310344827586,circular_moving_block,7.0,0.3103448275862069,0.5517241379310345,10000,20471104
decision_rule,6h_prior,june_external,realised_event_probability_market_minus_matern,29,0.11575899039241018,circular_moving_block,7.0,0.06776740890231596,0.1688887770866526,10000,20471104
decision_rule,6h_prior,june_external,categorical_log_matern_minus_market,29,0.40551446368550065,circular_moving_block,7.0,0.23124704302514637,0.5919506855421509,10000,20471104
decision_rule,6h_prior,june_external,multiclass_brier_winner_component_matern_minus_market,29,0.15876008350741663,circular_moving_block,7.0,0.09371436988800687,0.22969668066663584,10000,20471104
decision_rule,6h_prior,june_external,multiclass_brier_nonwinner_component_matern_minus_market,29,-0.02595450770922868,circular_moving_block,7.0,-0.043744276677131856,-0.005505279187848318,10000,20471104
decision_rule,6h_prior,june_external,multiclass_brier_total_matern_minus_market,29,0.13280557579818797,circular_moving_block,7.0,0.06104516203106451,0.21776262363146587,10000,20471104
decision_rule,6h_prior,all_exact_support,total_variation_market_matern,87,0.2976913859008618,ordinary_date,,0.2740327593883598,0.3222105449441645,10000,20471804
decision_rule,6h_prior,all_exact_support,expected_rank_market_minus_matern,87,0.39228491429772455,ordinary_date,,0.2426841219433858,0.5368550519547743,10000,20471804
decision_rule,6h_prior,all_exact_support,modal_disagreement,87,0.5747126436781609,ordinary_date,,0.47126436781609193,0.6781609195402298,10000,20471804
decision_rule,6h_prior,all_exact_support,realised_event_probability_market_minus_matern,87,0.07626052955415602,ordinary_date,,0.04748204346430092,0.10468573807969743,10000,20471804
decision_rule,6h_prior,all_exact_support,categorical_log_matern_minus_market,87,0.1713797145885352,ordinary_date,,0.02715413028240469,0.30106905638191067,10000,20471804
decision_rule,6h_prior,all_exact_support,multiclass_brier_winner_component_matern_minus_market,87,0.09890537037061,ordinary_date,,0.05989629259710609,0.13731760551054178,10000,20471804
decision_rule,6h_prior,all_exact_support,multiclass_brier_nonwinner_component_matern_minus_market,87,-0.04140295858168314,ordinary_date,,-0.05906049061994136,-0.025191269845295988,10000,20471804
decision_rule,6h_prior,all_exact_support,multiclass_brier_total_matern_minus_market,87,0.05750241178892684,ordinary_date,,0.003967297873308806,0.11002169582895899,10000,20471804
decision_rule,6h_prior,all_exact_support,total_variation_market_matern,87,0.2976913859008618,circular_moving_block,3.0,0.2680358858768448,0.3267729544384052,10000,20471904
decision_rule,6h_prior,all_exact_support,expected_rank_market_minus_matern,87,0.39228491429772455,circular_moving_block,3.0,0.2352910582985,0.5477943079058132,10000,20471904
decision_rule,6h_prior,all_exact_support,modal_disagreement,87,0.5747126436781609,circular_moving_block,3.0,0.45977011494252873,0.6896551724137931,10000,20471904
decision_rule,6h_prior,all_exact_support,realised_event_probability_market_minus_matern,87,0.07626052955415602,circular_moving_block,3.0,0.04524034265627559,0.10602874567606166,10000,20471904
decision_rule,6h_prior,all_exact_support,categorical_log_matern_minus_market,87,0.1713797145885352,circular_moving_block,3.0,0.014004899463521615,0.31043078723674755,10000,20471904
decision_rule,6h_prior,all_exact_support,multiclass_brier_winner_component_matern_minus_market,87,0.09890537037061,circular_moving_block,3.0,0.05769066222696232,0.13919059627189367,10000,20471904
decision_rule,6h_prior,all_exact_support,multiclass_brier_nonwinner_component_matern_minus_market,87,-0.04140295858168314,circular_moving_block,3.0,-0.05812390868981435,-0.026609967578411484,10000,20471904
decision_rule,6h_prior,all_exact_support,multiclass_brier_total_matern_minus_market,87,0.05750241178892684,circular_moving_block,3.0,0.003491978226137164,0.1084206316654006,10000,20471904
decision_rule,6h_prior,all_exact_support,total_variation_market_matern,87,0.2976913859008618,circular_moving_block,5.0,0.2651850593564471,0.3290668876174396,10000,20472004
decision_rule,6h_prior,all_exact_support,expected_rank_market_minus_matern,87,0.39228491429772455,circular_moving_block,5.0,0.2421990595788184,0.5485219426717692,10000,20472004
decision_rule,6h_prior,all_exact_support,modal_disagreement,87,0.5747126436781609,circular_moving_block,5.0,0.45977011494252873,0.6896551724137931,10000,20472004
decision_rule,6h_prior,all_exact_support,realised_event_probability_market_minus_matern,87,0.07626052955415602,circular_moving_block,5.0,0.046210365830068566,0.10620125249921385,10000,20472004
decision_rule,6h_prior,all_exact_support,categorical_log_matern_minus_market,87,0.1713797145885352,circular_moving_block,5.0,0.018526946117976572,0.3102963458170518,10000,20472004
decision_rule,6h_prior,all_exact_support,multiclass_brier_winner_component_matern_minus_market,87,0.09890537037061,circular_moving_block,5.0,0.05901312932976996,0.1384625820179841,10000,20472004
decision_rule,6h_prior,all_exact_support,multiclass_brier_nonwinner_component_matern_minus_market,87,-0.04140295858168314,circular_moving_block,5.0,-0.05668673033246319,-0.026895178999321038,10000,20472004
decision_rule,6h_prior,all_exact_support,multiclass_brier_total_matern_minus_market,87,0.05750241178892684,circular_moving_block,5.0,0.006784052731774543,0.10719180590796908,10000,20472004
decision_rule,6h_prior,all_exact_support,total_variation_market_matern,87,0.2976913859008618,circular_moving_block,7.0,0.2631282221167608,0.32964221228649954,10000,20472104
decision_rule,6h_prior,all_exact_support,expected_rank_market_minus_matern,87,0.39228491429772455,circular_moving_block,7.0,0.23548132860527748,0.5545130976322513,10000,20472104
decision_rule,6h_prior,all_exact_support,modal_disagreement,87,0.5747126436781609,circular_moving_block,7.0,0.45977011494252873,0.7011494252873564,10000,20472104
decision_rule,6h_prior,all_exact_support,realised_event_probability_market_minus_matern,87,0.07626052955415602,circular_moving_block,7.0,0.043584147776861745,0.10613175362318361,10000,20472104
decision_rule,6h_prior,all_exact_support,categorical_log_matern_minus_market,87,0.1713797145885352,circular_moving_block,7.0,0.01041674984327517,0.3127688186003397,10000,20472104
decision_rule,6h_prior,all_exact_support,multiclass_brier_winner_component_matern_minus_market,87,0.09890537037061,circular_moving_block,7.0,0.056920450603237846,0.13808781232964362,10000,20472104
decision_rule,6h_prior,all_exact_support,multiclass_brier_nonwinner_component_matern_minus_market,87,-0.04140295858168314,circular_moving_block,7.0,-0.05677255202297927,-0.027228553481301678,10000,20472104
decision_rule,6h_prior,all_exact_support,multiclass_brier_total_matern_minus_market,87,0.05750241178892684,circular_moving_block,7.0,0.004158551229613268,0.1054358862346186,10000,20472104
decision_rule,event_day_open,development,total_variation_market_matern,63,0.32490387365263484,ordinary_date,,0.29660203273996166,0.35435831542256474,10000,20472804
decision_rule,event_day_open,development,expected_rank_market_minus_matern,63,0.4330361057202621,ordinary_date,,0.2621457018978792,0.5980093080240606,10000,20472804
decision_rule,event_day_open,development,modal_disagreement,63,0.5238095238095238,ordinary_date,,0.3968253968253968,0.6507936507936508,10000,20472804
decision_rule,event_day_open,development,realised_event_probability_market_minus_matern,63,0.04834858636597918,ordinary_date,,0.006742768935791702,0.09084820791567069,10000,20472804
decision_rule,event_day_open,development,categorical_log_matern_minus_market,63,-0.006733934384112404,ordinary_date,,-0.19102400179085618,0.17033350226420496,10000,20472804
decision_rule,event_day_open,development,multiclass_brier_winner_component_matern_minus_market,63,0.047487514043469396,ordinary_date,,-0.004608891953946252,0.10143965705796305,10000,20472804
decision_rule,event_day_open,development,multiclass_brier_nonwinner_component_matern_minus_market,63,-0.06731968588088473,ordinary_date,,-0.09034293643184504,-0.04447339741249583,10000,20472804
decision_rule,event_day_open,development,multiclass_brier_total_matern_minus_market,63,-0.019832171837415313,ordinary_date,,-0.09227811012544794,0.05414493203627911,10000,20472804
decision_rule,event_day_open,development,total_variation_market_matern,63,0.32490387365263484,circular_moving_block,3.0,0.29826515762862144,0.35383379836309053,10000,20472904
decision_rule,event_day_open,development,expected_rank_market_minus_matern,63,0.4330361057202621,circular_moving_block,3.0,0.28088094990089413,0.5836073722669186,10000,20472904
decision_rule,event_day_open,development,modal_disagreement,63,0.5238095238095238,circular_moving_block,3.0,0.3968253968253968,0.6349206349206349,10000,20472904
decision_rule,event_day_open,development,realised_event_probability_market_minus_matern,63,0.04834858636597918,circular_moving_block,3.0,0.0028262970818341577,0.09191558782500835,10000,20472904
decision_rule,event_day_open,development,categorical_log_matern_minus_market,63,-0.006733934384112404,circular_moving_block,3.0,-0.22755595468124584,0.1845207661631263,10000,20472904
decision_rule,event_day_open,development,multiclass_brier_winner_component_matern_minus_market,63,0.047487514043469396,circular_moving_block,3.0,-0.00841878889244696,0.10184052175600765,10000,20472904
decision_rule,event_day_open,development,multiclass_brier_nonwinner_component_matern_minus_market,63,-0.06731968588088473,circular_moving_block,3.0,-0.08951855474406054,-0.04588088934371828,10000,20472904
decision_rule,event_day_open,development,multiclass_brier_total_matern_minus_market,63,-0.019832171837415313,circular_moving_block,3.0,-0.09524377030948464,0.052890285352683246,10000,20472904
decision_rule,event_day_open,development,total_variation_market_matern,63,0.32490387365263484,circular_moving_block,5.0,0.3006500518191457,0.3506264651435301,10000,20473004
decision_rule,event_day_open,development,expected_rank_market_minus_matern,63,0.4330361057202621,circular_moving_block,5.0,0.28785952595375747,0.5778350613312351,10000,20473004
decision_rule,event_day_open,development,modal_disagreement,63,0.5238095238095238,circular_moving_block,5.0,0.3968253968253968,0.6349206349206349,10000,20473004
decision_rule,event_day_open,development,realised_event_probability_market_minus_matern,63,0.04834858636597918,circular_moving_block,5.0,0.0014131421839246885,0.09177089075160354,10000,20473004
decision_rule,event_day_open,development,categorical_log_matern_minus_market,63,-0.006733934384112404,circular_moving_block,5.0,-0.2388835628368463,0.18918569056738832,10000,20473004
decision_rule,event_day_open,development,multiclass_brier_winner_component_matern_minus_market,63,0.047487514043469396,circular_moving_block,5.0,-0.011531367853240512,0.10113366171277603,10000,20473004
decision_rule,event_day_open,development,multiclass_brier_nonwinner_component_matern_minus_market,63,-0.06731968588088473,circular_moving_block,5.0,-0.08777510296463412,-0.04653145773819541,10000,20473004
decision_rule,event_day_open,development,multiclass_brier_total_matern_minus_market,63,-0.019832171837415313,circular_moving_block,5.0,-0.09599803620203069,0.0511612348285669,10000,20473004
decision_rule,event_day_open,development,total_variation_market_matern,63,0.32490387365263484,circular_moving_block,7.0,0.30014979833217126,0.3504770946035988,10000,20473104
decision_rule,event_day_open,development,expected_rank_market_minus_matern,63,0.4330361057202621,circular_moving_block,7.0,0.2806533705429991,0.5807439952034252,10000,20473104
decision_rule,event_day_open,development,modal_disagreement,63,0.5238095238095238,circular_moving_block,7.0,0.4126984126984127,0.6349206349206349,10000,20473104
decision_rule,event_day_open,development,realised_event_probability_market_minus_matern,63,0.04834858636597918,circular_moving_block,7.0,-0.0007847999579720356,0.09241750259362168,10000,20473104
decision_rule,event_day_open,development,categorical_log_matern_minus_market,63,-0.006733934384112404,circular_moving_block,7.0,-0.2464548680435301,0.19447562463854845,10000,20473104
decision_rule,event_day_open,development,multiclass_brier_winner_component_matern_minus_market,63,0.047487514043469396,circular_moving_block,7.0,-0.014493622617858797,0.10263260660453949,10000,20473104
decision_rule,event_day_open,development,multiclass_brier_nonwinner_component_matern_minus_market,63,-0.06731968588088473,circular_moving_block,7.0,-0.08879371992583765,-0.046434250650997516,10000,20473104
decision_rule,event_day_open,development,multiclass_brier_total_matern_minus_market,63,-0.019832171837415313,circular_moving_block,7.0,-0.1002264152155155,0.05178621364481948,10000,20473104
decision_rule,event_day_open,june_external,total_variation_market_matern,30,0.2880141250221249,ordinary_date,,0.25069764890248786,0.32358936443732766,10000,20473804
decision_rule,event_day_open,june_external,expected_rank_market_minus_matern,30,0.3549280991293564,ordinary_date,,0.09417531632327128,0.5978633732517619,10000,20473804
decision_rule,event_day_open,june_external,modal_disagreement,30,0.6,ordinary_date,,0.43333333333333335,0.7666666666666667,10000,20473804
decision_rule,event_day_open,june_external,realised_event_probability_market_minus_matern,30,0.10957861298846393,ordinary_date,,0.06963916003111895,0.14780349131677417,10000,20473804
decision_rule,event_day_open,june_external,categorical_log_matern_minus_market,30,0.4139707550619429,ordinary_date,,0.19878960664420525,0.6075253826441578,10000,20473804
decision_rule,event_day_open,june_external,multiclass_brier_winner_component_matern_minus_market,30,0.14621067720064765,ordinary_date,,0.088897867962019,0.1994067688966997,10000,20473804
decision_rule,event_day_open,june_external,multiclass_brier_nonwinner_component_matern_minus_market,30,-0.025724843161014036,ordinary_date,,-0.04913256381605027,-0.005814507539976148,10000,20473804
decision_rule,event_day_open,june_external,multiclass_brier_total_matern_minus_market,30,0.12048583403963363,ordinary_date,,0.04290493763571261,0.19105696035381117,10000,20473804
decision_rule,event_day_open,june_external,total_variation_market_matern,30,0.2880141250221249,circular_moving_block,3.0,0.25062807900434175,0.3287117688072729,10000,20473904
decision_rule,event_day_open,june_external,expected_rank_market_minus_matern,30,0.3549280991293564,circular_moving_block,3.0,0.06662408275586106,0.6233932699915228,10000,20473904
decision_rule,event_day_open,june_external,modal_disagreement,30,0.6,circular_moving_block,3.0,0.4,0.8,10000,20473904
decision_rule,event_day_open,june_external,realised_event_probability_market_minus_matern,30,0.10957861298846393,circular_moving_block,3.0,0.07489319263026337,0.14500841551265037,10000,20473904
decision_rule,event_day_open,june_external,categorical_log_matern_minus_market,30,0.4139707550619429,circular_moving_block,3.0,0.24707594801733473,0.5951258022872962,10000,20473904
decision_rule,event_day_open,june_external,multiclass_brier_winner_component_matern_minus_market,30,0.14621067720064765,circular_moving_block,3.0,0.09741639782911181,0.19538408563976264,10000,20473904
decision_rule,event_day_open,june_external,multiclass_brier_nonwinner_component_matern_minus_market,30,-0.025724843161014036,circular_moving_block,3.0,-0.044930909614500567,-0.007680844153024922,10000,20473904
decision_rule,event_day_open,june_external,multiclass_brier_total_matern_minus_market,30,0.12048583403963363,circular_moving_block,3.0,0.059621902284571475,0.18285107037983472,10000,20473904
decision_rule,event_day_open,june_external,total_variation_market_matern,30,0.2880141250221249,circular_moving_block,5.0,0.25439573790844505,0.3236154753251437,10000,20474004
decision_rule,event_day_open,june_external,expected_rank_market_minus_matern,30,0.3549280991293564,circular_moving_block,5.0,0.07604190259709494,0.5884755214930998,10000,20474004
decision_rule,event_day_open,june_external,modal_disagreement,30,0.6,circular_moving_block,5.0,0.4,0.8,10000,20474004
decision_rule,event_day_open,june_external,realised_event_probability_market_minus_matern,30,0.10957861298846393,circular_moving_block,5.0,0.07634201828337328,0.14541987368567424,10000,20474004
decision_rule,event_day_open,june_external,categorical_log_matern_minus_market,30,0.4139707550619429,circular_moving_block,5.0,0.26349602058218374,0.5726915334760014,10000,20474004
decision_rule,event_day_open,june_external,multiclass_brier_winner_component_matern_minus_market,30,0.14621067720064765,circular_moving_block,5.0,0.09979855273847157,0.1958121002405872,10000,20474004
decision_rule,event_day_open,june_external,multiclass_brier_nonwinner_component_matern_minus_market,30,-0.025724843161014036,circular_moving_block,5.0,-0.04817001039688943,-0.005972863779543955,10000,20474004
decision_rule,event_day_open,june_external,multiclass_brier_total_matern_minus_market,30,0.12048583403963363,circular_moving_block,5.0,0.06136004646394208,0.18498673228178147,10000,20474004
decision_rule,event_day_open,june_external,total_variation_market_matern,30,0.2880141250221249,circular_moving_block,7.0,0.25739324528999535,0.31663933433812447,10000,20474104
decision_rule,event_day_open,june_external,expected_rank_market_minus_matern,30,0.3549280991293564,circular_moving_block,7.0,0.11052237368796033,0.5686870894872851,10000,20474104
decision_rule,event_day_open,june_external,modal_disagreement,30,0.6,circular_moving_block,7.0,0.36666666666666664,0.8,10000,20474104
decision_rule,event_day_open,june_external,realised_event_probability_market_minus_matern,30,0.10957861298846393,circular_moving_block,7.0,0.08111270585248277,0.14423791421533932,10000,20474104
decision_rule,event_day_open,june_external,categorical_log_matern_minus_market,30,0.4139707550619429,circular_moving_block,7.0,0.28493510347897627,0.5546311049311989,10000,20474104
decision_rule,event_day_open,june_external,multiclass_brier_winner_component_matern_minus_market,30,0.14621067720064765,circular_moving_block,7.0,0.10737676284685768,0.19252902952550066,10000,20474104
decision_rule,event_day_open,june_external,multiclass_brier_nonwinner_component_matern_minus_market,30,-0.025724843161014036,circular_moving_block,7.0,-0.04782589208146462,-0.006121644452079823,10000,20474104
decision_rule,event_day_open,june_external,multiclass_brier_total_matern_minus_market,30,0.12048583403963363,circular_moving_block,7.0,0.07132521925344407,0.18154280149955726,10000,20474104
decision_rule,event_day_open,all_exact_support,total_variation_market_matern,93,0.3130039547395672,ordinary_date,,0.2903763446599639,0.3366265437098188,10000,20474804
decision_rule,event_day_open,all_exact_support,expected_rank_market_minus_matern,93,0.4078399745619054,ordinary_date,,0.2680138022169259,0.5485037138007381,10000,20474804
decision_rule,event_day_open,all_exact_support,modal_disagreement,93,0.5483870967741935,ordinary_date,,0.45161290322580644,0.6451612903225806,10000,20474804
decision_rule,event_day_open,all_exact_support,realised_event_probability_market_minus_matern,93,0.06810020785710329,ordinary_date,,0.036286141390844795,0.10040430006830513,10000,20474804
decision_rule,event_day_open,all_exact_support,categorical_log_matern_minus_market,93,0.12897725575977642,ordinary_date,,-0.01915797006599985,0.2695771266591148,10000,20474804
decision_rule,event_day_open,all_exact_support,multiclass_brier_winner_component_matern_minus_market,93,0.0793336957070753,ordinary_date,,0.03840757944067748,0.12040669544607473,10000,20474804
decision_rule,event_day_open,all_exact_support,multiclass_brier_nonwinner_component_matern_minus_market,93,-0.053901994680926435,ordinary_date,,-0.07187959315913543,-0.03629405652141908,10000,20474804
decision_rule,event_day_open,all_exact_support,multiclass_brier_total_matern_minus_market,93,0.025431701026148865,ordinary_date,,-0.030874927278903456,0.08206382213271421,10000,20474804
decision_rule,event_day_open,all_exact_support,total_variation_market_matern,93,0.3130039547395672,circular_moving_block,3.0,0.2891430449995203,0.3372860790420312,10000,20474904
decision_rule,event_day_open,all_exact_support,expected_rank_market_minus_matern,93,0.4078399745619054,circular_moving_block,3.0,0.26831043123310316,0.5425045347217256,10000,20474904
decision_rule,event_day_open,all_exact_support,modal_disagreement,93,0.5483870967741935,circular_moving_block,3.0,0.44086021505376344,0.6559139784946236,10000,20474904
decision_rule,event_day_open,all_exact_support,realised_event_probability_market_minus_matern,93,0.06810020785710329,circular_moving_block,3.0,0.03616304128292474,0.09875442366618975,10000,20474904
decision_rule,event_day_open,all_exact_support,categorical_log_matern_minus_market,93,0.12897725575977642,circular_moving_block,3.0,-0.03474763787508684,0.2767375070028706,10000,20474904
decision_rule,event_day_open,all_exact_support,multiclass_brier_winner_component_matern_minus_market,93,0.0793336957070753,circular_moving_block,3.0,0.03703274610236018,0.11878261612591604,10000,20474904
decision_rule,event_day_open,all_exact_support,multiclass_brier_nonwinner_component_matern_minus_market,93,-0.053901994680926435,circular_moving_block,3.0,-0.07107934355253735,-0.03749656884562437,10000,20474904
decision_rule,event_day_open,all_exact_support,multiclass_brier_total_matern_minus_market,93,0.025431701026148865,circular_moving_block,3.0,-0.030367330250409465,0.07815242221700562,10000,20474904
decision_rule,event_day_open,all_exact_support,total_variation_market_matern,93,0.3130039547395672,circular_moving_block,5.0,0.2917017669635123,0.3354534451979938,10000,20475004
decision_rule,event_day_open,all_exact_support,expected_rank_market_minus_matern,93,0.4078399745619054,circular_moving_block,5.0,0.2764537541117409,0.5335784070650782,10000,20475004
decision_rule,event_day_open,all_exact_support,modal_disagreement,93,0.5483870967741935,circular_moving_block,5.0,0.44086021505376344,0.6559139784946236,10000,20475004
decision_rule,event_day_open,all_exact_support,realised_event_probability_market_minus_matern,93,0.06810020785710329,circular_moving_block,5.0,0.034203147143025976,0.09835538816335242,10000,20475004
decision_rule,event_day_open,all_exact_support,categorical_log_matern_minus_market,93,0.12897725575977642,circular_moving_block,5.0,-0.05524096729972617,0.28299070703723517,10000,20475004
decision_rule,event_day_open,all_exact_support,multiclass_brier_winner_component_matern_minus_market,93,0.0793336957070753,circular_moving_block,5.0,0.035026994979059235,0.1184384325840105,10000,20475004
decision_rule,event_day_open,all_exact_support,multiclass_brier_nonwinner_component_matern_minus_market,93,-0.053901994680926435,circular_moving_block,5.0,-0.0709035227923697,-0.03768586980203937,10000,20475004
decision_rule,event_day_open,all_exact_support,multiclass_brier_total_matern_minus_market,93,0.025431701026148865,circular_moving_block,5.0,-0.03306902726244167,0.07727971969967778,10000,20475004
decision_rule,event_day_open,all_exact_support,total_variation_market_matern,93,0.3130039547395672,circular_moving_block,7.0,0.2918703341777752,0.3350902898117299,10000,20475104
decision_rule,event_day_open,all_exact_support,expected_rank_market_minus_matern,93,0.4078399745619054,circular_moving_block,7.0,0.2744339544465246,0.5341925941901158,10000,20475104
decision_rule,event_day_open,all_exact_support,modal_disagreement,93,0.5483870967741935,circular_moving_block,7.0,0.45161290322580644,0.6451612903225806,10000,20475104
decision_rule,event_day_open,all_exact_support,realised_event_probability_market_minus_matern,93,0.06810020785710329,circular_moving_block,7.0,0.032739657554001836,0.09843033058277528,10000,20475104
decision_rule,event_day_open,all_exact_support,categorical_log_matern_minus_market,93,0.12897725575977642,circular_moving_block,7.0,-0.053589292409423374,0.28835121651340967,10000,20475104
decision_rule,event_day_open,all_exact_support,multiclass_brier_winner_component_matern_minus_market,93,0.0793336957070753,circular_moving_block,7.0,0.03435367275945084,0.11760813163830366,10000,20475104
decision_rule,event_day_open,all_exact_support,multiclass_brier_nonwinner_component_matern_minus_market,93,-0.053901994680926435,circular_moving_block,7.0,-0.07144898013653965,-0.03706042867825307,10000,20475104
decision_rule,event_day_open,all_exact_support,multiclass_brier_total_matern_minus_market,93,0.025431701026148865,circular_moving_block,7.0,-0.034008065267738696,0.0768836181799266,10000,20475104
