target_date,decision_rule,forecast_daily_max_c,temperature_predictive_mean_c,predictive_standard_deviation_c,hko_daily_max_c,validation_forecast_daily_max_c,realised_hko_source,realised_hko_available,forecast_daily_max_crosscheck_difference_c,deterministic_forecast_error_c,matern_mean_error_c,standardised_matern_error
2026-03-16,24h_prior,21.6,23.378525091339007,1.391885258831647,,,unavailable,False,,,,
2026-03-17,6h_prior,22.9,24.03109539074848,1.3015866565383885,,,unavailable,False,,,,
2026-03-18,12h_prior,25.0,25.48101610980937,1.3430627846488667,,,unavailable,False,,,,
2026-03-18,6h_prior,25.6,26.010744707278807,1.3609014574523783,,,unavailable,False,,,,
2026-03-21,12h_prior,22.8,24.07340625300518,1.3229990203212385,,,unavailable,False,,,,
2026-03-22,12h_prior,24.3,25.07936325394095,1.353057985773568,,,unavailable,False,,,,
2026-03-22,event_day_open,24.4,25.42076487011419,1.2695204203720698,,,unavailable,False,,,,
2026-03-23,12h_prior,25.5,26.06349642771493,1.3914893141019298,,,unavailable,False,,,,
2026-03-23,24h_prior,25.5,26.32157690824949,1.5214925799323165,,,unavailable,False,,,,
2026-03-23,event_day_open,26.2,27.195827697452557,1.3291571893798115,,,unavailable,False,,,,
2026-03-24,24h_prior,25.6,26.46762247647007,1.5286267957068944,,,unavailable,False,,,,
2026-03-24,event_day_open,25.4,26.412052128821184,1.3098525877189964,,,unavailable,False,,,,
2026-03-25,24h_prior,27.6,28.73922639741345,1.5637019280375846,,,unavailable,False,,,,
2026-03-26,event_day_open,25.6,26.654167730614684,1.326005163362323,,,unavailable,False,,,,
2026-03-27,24h_prior,25.5,26.47046474199375,1.5383229229978082,,,unavailable,False,,,,
2026-03-27,event_day_open,26.3,27.374172469862685,1.3495928262035002,,,unavailable,False,,,,
2026-03-28,24h_prior,26.0,27.027318290045116,1.5495613869636975,,,unavailable,False,,,,
2026-03-28,6h_prior,26.4,27.05415870128104,1.4411549403167407,,,unavailable,False,,,,
2026-03-28,event_day_open,25.8,26.89307517601518,1.3409113442850735,,,unavailable,False,,,,
2026-03-29,24h_prior,25.0,26.039292025287292,1.537294488710681,,,unavailable,False,,,,
2026-03-29,event_day_open,25.3,26.42983267383697,1.3332265085771633,,,unavailable,False,,,,
2026-03-30,24h_prior,26.0,27.081032724760696,1.5541311558864113,,,unavailable,False,,,,
2026-04-01,12h_prior,27.3,28.0318254849536,1.4837856602537538,,,unavailable,False,,,,
2026-04-01,24h_prior,28.0,29.26730410465522,1.570422558039061,,,unavailable,False,,,,
2026-04-01,6h_prior,27.4,28.1406855230164,1.4812600349079497,,,unavailable,False,,,,
2026-04-02,12h_prior,23.4,24.757493270544423,1.4133098097606918,,,unavailable,False,,,,
2026-04-02,6h_prior,24.3,25.436081424548885,1.4235970289856568,,,unavailable,False,,,,
2026-04-02,event_day_open,23.2,24.73320323038661,1.3172672813145545,,,unavailable,False,,,,
2026-04-03,12h_prior,25.6,26.48613724731053,1.455177868778818,,,unavailable,False,,,,
2026-04-03,24h_prior,25.4,26.56631451175577,1.556309704367768,,,unavailable,False,,,,
2026-04-03,6h_prior,26.0,26.858567204081044,1.4589407504434837,,,unavailable,False,,,,
2026-04-03,event_day_open,25.4,26.62264133350713,1.358375511032794,,,unavailable,False,,,,
2026-04-04,12h_prior,23.9,25.15608953079639,1.4319463770348104,,,unavailable,False,,,,
2026-04-04,24h_prior,25.2,26.39237474092641,1.5567136575431724,,,unavailable,False,,,,
2026-04-04,6h_prior,25.1,26.113824826069955,1.4470131457046649,,,unavailable,False,,,,
2026-04-04,event_day_open,23.2,24.76127691570703,1.3287875762949084,,,unavailable,False,,,,
2026-04-05,12h_prior,24.0,25.251552542609783,1.4389432484787212,,,unavailable,False,,,,
2026-04-05,24h_prior,24.4,25.662841064495154,1.5535367877327748,,,unavailable,False,,,,
2026-04-05,6h_prior,24.2,25.434453020990688,1.4387991265447375,,,unavailable,False,,,,
2026-04-05,event_day_open,24.5,25.839858978915657,1.351544218165577,,,unavailable,False,,,,
2026-04-06,12h_prior,26.2,27.1019938616152,1.4791611273511525,,,unavailable,False,,,,
2026-04-06,24h_prior,26.5,27.74263792900912,1.5672889869676412,,,unavailable,False,,,,
2026-04-06,6h_prior,26.2,27.118699918932077,1.4747429076512466,,,unavailable,False,,,,
2026-04-06,event_day_open,26.6,27.834015922154293,1.3903871725630927,,,unavailable,False,,,,
2026-04-07,12h_prior,27.9,28.78130897709367,1.5111497746792928,,,unavailable,False,,,,
2026-04-07,24h_prior,27.3,28.5894227258451,1.5706710475467824,,,unavailable,False,,,,
2026-04-07,6h_prior,28.1,28.98943497141064,1.5098536621865517,,,unavailable,False,,,,
2026-04-07,event_day_open,28.2,29.455671569413457,1.4156273349785713,,,unavailable,False,,,,
2026-04-08,12h_prior,24.3,25.54276871230109,1.4584323900145986,,,unavailable,False,,,,
2026-04-08,24h_prior,24.1,25.442273368564678,1.5586658133401037,,,unavailable,False,,,,
2026-04-08,6h_prior,24.6,25.809330499046272,1.4588049538242382,,,unavailable,False,,,,
2026-04-08,event_day_open,24.9,26.24295246587547,1.3704150982136816,,,unavailable,False,,,,
2026-04-09,12h_prior,26.2,27.175315477661776,1.4897633338885177,,,unavailable,False,,,,
2026-04-09,24h_prior,26.3,27.5796941507074,1.568666496321648,,,unavailable,False,,,,
2026-04-09,6h_prior,26.4,27.37555979151047,1.488406987296728,,,unavailable,False,,,,
2026-04-09,event_day_open,26.4,27.676735413163488,1.3954759118368214,,,unavailable,False,,,,
2026-04-10,12h_prior,26.7,27.664782619262,1.5003115344136349,,,unavailable,False,,,,
2026-04-10,24h_prior,26.8,28.10377084896856,1.5706253538265502,,,unavailable,False,,,,
2026-04-10,6h_prior,26.9,27.86791327051416,1.4987941581533517,,,unavailable,False,,,,
2026-04-10,event_day_open,26.8,28.08263575736705,1.4033437690667676,,,unavailable,False,,,,
2026-04-11,12h_prior,26.7,27.686993765242665,1.5030755161270724,,,unavailable,False,,,,
2026-04-11,24h_prior,26.7,28.011981699997893,1.5708077843181203,,,unavailable,False,,,,
2026-04-11,6h_prior,26.7,27.7007478667199,1.4987000879452772,,,unavailable,False,,,,
2026-04-11,event_day_open,26.8,28.09419026908308,1.4055498705063787,,,unavailable,False,,,,
2026-04-12,12h_prior,26.9,27.899150864491915,1.5083392139317775,,,unavailable,False,,,,
2026-04-12,24h_prior,27.0,28.329057021207287,1.571752111217706,,,unavailable,False,,,,
2026-04-12,6h_prior,27.2,28.19957429605332,1.5079230699697272,,,unavailable,False,,,,
2026-04-12,event_day_open,27.1,28.40213050466449,1.4111228507121245,,,unavailable,False,,,,
2026-04-13,12h_prior,27.0,28.016008316503022,1.5119780545692494,,,unavailable,False,,,,
2026-04-13,24h_prior,27.1,28.4402050275282,1.572185587696598,,,unavailable,False,,,,
2026-04-13,6h_prior,27.1,28.12388423220323,1.5089514735877272,,,unavailable,False,,,,
2026-04-13,event_day_open,27.0,28.313563755397208,1.4118946452140717,,,unavailable,False,,,,
2026-04-14,12h_prior,27.3,28.32701591084629,1.51768554847567,,,unavailable,False,,,,
2026-04-14,24h_prior,27.0,28.346257146278763,1.5722892853342767,,,unavailable,False,,,,
2026-04-14,6h_prior,27.3,28.33720396643957,1.51352291240739,,,unavailable,False,,,,
2026-04-14,event_day_open,27.5,28.819906268587022,1.418725177525759,,,unavailable,False,,,,
2026-04-15,12h_prior,27.3,28.34630097647513,1.5196506230621365,,,unavailable,False,,,,
2026-04-15,24h_prior,27.2,28.557833842868444,1.572747989565657,,,unavailable,False,,,,
2026-04-15,6h_prior,27.6,28.64948961125637,1.5188342516689073,,,unavailable,False,,,,
2026-04-15,event_day_open,26.8,28.13682268669856,1.4135248589526854,,,unavailable,False,,,,
2026-04-16,12h_prior,26.9,27.979127554998747,1.5173927005567394,,,unavailable,False,,,,
2026-04-16,24h_prior,27.0,28.36146774311311,1.5727220650563376,,,unavailable,False,,,,
2026-04-16,6h_prior,27.1,28.18321610096261,1.5153999938553278,,,unavailable,False,,,,
2026-04-16,event_day_open,26.8,28.1466014240444,1.4153167116697023,,,unavailable,False,,,,
2026-04-17,12h_prior,27.9,28.974972944638903,1.5290326780638086,,,unavailable,False,,,,
2026-04-17,24h_prior,27.3,28.67292690174016,1.573169498521395,,,unavailable,False,,,,
2026-04-17,6h_prior,27.3,28.39434205889892,1.519363342882555,,,unavailable,False,,,,
2026-04-17,event_day_open,27.1,28.451113083869394,1.4196479221865337,,,unavailable,False,,,,
2026-04-18,12h_prior,28.6,29.69766284375929,1.5363563107380425,,,unavailable,False,,,,
2026-04-18,24h_prior,27.9,29.28872622021972,1.5736780475914864,,,unavailable,False,,,,
2026-04-18,6h_prior,29.4,30.519148265933094,1.539318594080629,,,unavailable,False,,,,
2026-04-18,event_day_open,28.3,29.6524005707632,1.4302210397371518,,,unavailable,False,,,,
2026-04-19,12h_prior,27.1,28.22483929749177,1.5249743509752482,,,unavailable,False,,,,
2026-04-19,24h_prior,27.2,28.583219833020056,1.5733563284348848,,,unavailable,False,,,,
2026-04-19,6h_prior,27.2,28.33366177768196,1.5219822479992136,,,unavailable,False,,,,
2026-04-19,event_day_open,27.9,29.2610547266097,1.428448030739606,,,unavailable,False,,,,
2026-04-20,12h_prior,27.0,28.1456597550012,1.5258245825964996,,,unavailable,False,,,,
2026-04-20,24h_prior,26.6,27.983916651911983,1.5730678773026123,,,unavailable,False,,,,
2026-04-20,6h_prior,27.2,28.35077887206224,1.523674124300879,,,unavailable,False,,,,
2026-04-20,event_day_open,27.1,28.476837480004527,1.4239412759719126,,,unavailable,False,,,,
2026-04-21,12h_prior,25.4,26.68807585494226,1.5151492187025593,,,unavailable,False,,,,
2026-04-21,24h_prior,25.9,27.29111642152166,1.572710030223442,,,unavailable,False,,,,
2026-04-21,6h_prior,26.4,27.613966040584152,1.5189438611989765,,,unavailable,False,,,,
2026-04-21,event_day_open,27.0,28.386544996450944,1.424562668315807,,,unavailable,False,,,,
2026-04-22,12h_prior,27.6,28.759604388552887,1.5334063986098387,,,unavailable,False,,,,
2026-04-22,24h_prior,27.4,28.800206637147863,1.573752416613998,,,unavailable,False,,,,
2026-04-22,6h_prior,27.7,28.868053719320848,1.5305684284747478,,,unavailable,False,,,,
2026-04-22,event_day_open,27.7,29.08497341823269,1.4302457125306502,,,unavailable,False,,,,
2026-04-23,12h_prior,26.2,27.440568607180385,1.5250070861136782,,,unavailable,False,,,,
2026-04-23,24h_prior,26.4,27.800039824663457,1.5733670953106604,,,unavailable,False,,,,
2026-04-23,6h_prior,26.7,27.92484680466666,1.5247835298998496,,,unavailable,False,,,,
2026-04-23,event_day_open,25.7,27.142866354728277,1.4189516433644185,,,unavailable,False,,,,
2026-04-24,12h_prior,21.2,23.13761209771809,1.5052051680224905,,,unavailable,False,,,,
2026-04-24,24h_prior,21.6,23.198983206825524,1.5710352153964295,,,unavailable,False,,,,
2026-04-24,6h_prior,20.1,22.23280353469089,1.501505450629595,,,unavailable,False,,,,
2026-04-24,event_day_open,21.4,23.263833708867654,1.4034084019860054,,,unavailable,False,,,,
2026-04-25,12h_prior,24.2,25.693413675405104,1.5174198824412688,,,unavailable,False,,,,
2026-04-25,24h_prior,24.8,26.231518968621582,1.5728476971353968,,,unavailable,False,,,,
2026-04-25,6h_prior,25.4,26.769052238326974,1.520124440216853,,,unavailable,False,,,,
2026-04-25,event_day_open,25.3,26.776354202991755,1.4200505241039132,,,unavailable,False,,,,
2026-04-26,12h_prior,25.6,26.93282583890216,1.5267007477379897,,,unavailable,False,,,,
2026-04-26,24h_prior,25.5,26.920757463468654,1.5733298829995803,,,unavailable,False,,,,
2026-04-26,6h_prior,25.8,27.139291998398253,1.5242477436703592,,,unavailable,False,,,,
2026-04-26,event_day_open,25.7,27.16239575754288,1.4237293152637032,,,unavailable,False,,,,
2026-04-27,12h_prior,26.2,27.494600779792147,1.531572964428206,,,unavailable,False,,,,
2026-04-27,24h_prior,26.4,27.817211589840227,1.5737680563035112,,,unavailable,False,,,,
2026-04-27,6h_prior,25.9,27.2424392699597,1.5264966975946035,,,unavailable,False,,,,
2026-04-27,event_day_open,26.0,27.45629765234348,1.4266156359963904,,,unavailable,False,,,,
2026-04-28,12h_prior,26.9,28.166392140965986,1.5365609784394882,,,unavailable,False,,,,
2026-04-28,24h_prior,25.3,26.731100865219336,1.5735073658915864,,,unavailable,False,,,,
2026-04-28,6h_prior,26.5,27.807763278557083,1.531141579608724,,,unavailable,False,,,,
2026-04-28,event_day_open,26.7,28.14158095854247,1.4310679671460866,,,unavailable,False,,,,
2026-04-29,12h_prior,24.9,26.33721047826426,1.5286863621316855,,,unavailable,False,,,,
2026-04-29,24h_prior,25.9,27.326913028865047,1.573779796273126,,,unavailable,False,,,,
2026-04-29,6h_prior,27.1,28.387307980858584,1.5354303429516247,,,unavailable,False,,,,
2026-04-29,event_day_open,25.7,27.178972474871507,1.4278497266140204,,,unavailable,False,,,,
2026-04-30,12h_prior,24.4,25.90303537342521,1.5285971315572238,,,unavailable,False,,,,
2026-04-30,24h_prior,24.5,25.95332827076906,1.5735185484105645,,,unavailable,False,,,,
2026-04-30,6h_prior,25.2,26.64557022674563,1.5282327445917965,,,unavailable,False,,,,
2026-04-30,event_day_open,24.9,26.422232998152825,1.426121725235488,,,unavailable,False,,,,
2026-05-01,12h_prior,24.3,25.821023804184065,1.530042832907403,,,unavailable,False,,,,
2026-05-01,24h_prior,23.4,24.888165867022508,1.573412373677921,,,unavailable,False,,,,
2026-05-01,6h_prior,23.5,25.16943497930056,1.5246798900166867,,,unavailable,False,,,,
2026-05-01,event_day_open,23.6,25.21270491524457,1.423828669728868,,,unavailable,False,,,,
2026-05-02,12h_prior,27.3,28.598346651428127,1.5424340239476728,,,unavailable,False,,,,
2026-05-02,24h_prior,26.9,28.331296693633576,1.5741356777582205,,,unavailable,False,,,,
2026-05-02,6h_prior,27.2,28.519056027773924,1.5389954473432892,,,unavailable,False,,,,
2026-05-02,event_day_open,26.8,28.2616242242412,1.4351538470099927,,,unavailable,False,,,,
2026-05-03,12h_prior,29.0,30.29406977238727,1.5494185489753605,,,unavailable,False,,,,
2026-05-03,24h_prior,28.2,29.636253772470127,1.5742915781496776,,,unavailable,False,,,,
2026-05-03,6h_prior,29.1,30.40243478976222,1.5472418365031864,,,unavailable,False,,,,
2026-05-03,event_day_open,28.6,30.04400321294595,1.4415346229854715,,,unavailable,False,,,,
2026-05-04,12h_prior,25.1,26.55509173038654,1.536977515530074,,,unavailable,False,,,,
2026-05-04,24h_prior,26.0,27.43896851552143,1.5740864676050443,,,unavailable,False,,,,
2026-05-04,6h_prior,25.7,27.133154171527515,1.5356815421364565,,,unavailable,False,,,,
2026-05-04,event_day_open,26.1,27.588354717903226,1.4346282609191054,,,unavailable,False,,,,
2026-05-05,12h_prior,21.7,23.515986337313965,1.5331091597582756,,,unavailable,False,,,,
2026-05-05,24h_prior,23.1,24.59442020347306,1.573793870659459,,,unavailable,False,,,,
2026-05-05,6h_prior,22.5,24.298253075830228,1.530634420223455,,,unavailable,False,,,,
2026-05-05,event_day_open,22.0,23.72168832340206,1.4282716077938489,,,unavailable,False,,,,
2026-05-06,12h_prior,24.7,26.204511470630944,1.5385633728063983,,,unavailable,False,,,,
2026-05-06,24h_prior,24.8,26.256042017931925,1.5740376121350803,,,unavailable,False,,,,
2026-05-06,6h_prior,24.9,26.42197003537679,1.5360388403032152,,,unavailable,False,,,,
2026-05-06,event_day_open,25.5,27.01506885683344,1.4348676005494694,,,unavailable,False,,,,
2026-05-07,12h_prior,25.3,26.757206444108323,1.5410777784711722,,,unavailable,False,,,,
2026-05-07,24h_prior,25.9,27.34497663578276,1.574179842902636,,,unavailable,False,,,,
2026-05-07,6h_prior,26.3,27.715272047171013,1.5406624271945977,,,unavailable,False,,,,
2026-05-07,event_day_open,26.7,28.186734065233555,1.438537643666182,,,unavailable,False,,,,
2026-05-08,12h_prior,28.4,29.7409030318887,1.5498506207749476,,,unavailable,False,,,,
2026-05-08,24h_prior,27.8,29.24276822559075,1.574320855382955,,,unavailable,False,,,,
2026-05-08,6h_prior,27.9,29.261339684202085,1.545918715688203,,,unavailable,False,,,,
2026-05-08,event_day_open,28.9,30.365604065579475,1.4440700303425955,,,unavailable,False,,,,
2026-05-09,12h_prior,24.1,25.67228202348995,1.541236374893976,,,unavailable,False,,,,
2026-05-09,24h_prior,24.6,26.061594913842143,1.5741498549467237,,,unavailable,False,,,,
2026-05-09,6h_prior,24.5,26.07584884350734,1.5389975225080703,,,unavailable,False,,,,
2026-05-09,event_day_open,23.1,24.7337228596862,1.434463840017166,,,unavailable,False,,,,
2026-05-10,12h_prior,25.1,26.588973061654123,1.543773151124322,,,unavailable,False,,,,
2026-05-10,24h_prior,25.0,26.456955213714128,1.5742054067895488,,,unavailable,False,,,,
2026-05-10,6h_prior,25.0,26.533566867129156,1.540858654612189,,,unavailable,False,,,,
2026-05-10,event_day_open,25.1,26.639099141609243,1.4376108697364771,,,unavailable,False,,,,
2026-05-11,12h_prior,26.5,27.909403771711958,1.5471026359018836,,,unavailable,False,,,,
2026-05-11,24h_prior,26.7,28.14674026517777,1.5743060948935852,,,unavailable,False,,,,
2026-05-11,6h_prior,26.5,27.93584899469494,1.5444493132561006,,,unavailable,False,,,,
2026-05-11,event_day_open,26.5,28.00544490619876,1.4405578305767042,,,unavailable,False,,,,
2026-05-12,12h_prior,28.9,30.274544988219795,1.552528641980044,,,unavailable,False,,,,
2026-05-12,24h_prior,28.8,30.24930953646572,1.5743719415487285,,,unavailable,False,,,,
2026-05-12,6h_prior,28.6,29.98865612530665,1.5496012513766393,,,unavailable,False,,,,
2026-05-12,event_day_open,28.8,30.28374011901946,1.444968575642313,,,unavailable,False,,,,
2026-05-13,12h_prior,28.3,29.68288061392346,1.55164548719811,,,unavailable,False,,,,
2026-05-13,24h_prior,28.3,29.749192108480013,1.57436544974858,,,unavailable,False,,,,
2026-05-13,6h_prior,28.4,29.798474129022228,1.5495399702249388,,,unavailable,False,,,,
2026-05-13,event_day_open,28.6,30.089405815922134,1.4448906429186237,,,unavailable,False,,,,
2026-05-14,12h_prior,27.5,28.899664601092933,1.550592516328432,,,unavailable,False,,,,
2026-05-14,24h_prior,27.5,28.94917437872568,1.574354417765785,,,unavailable,False,,,,
2026-05-14,6h_prior,27.6,29.019015491458557,1.5483696752647147,,,unavailable,False,,,,
2026-05-14,event_day_open,27.4,28.903534057972514,1.443360162323999,,,unavailable,False,,,,
2026-05-15,12h_prior,27.3,28.710549818535764,1.550719439149148,,,unavailable,False,,,,
2026-05-15,24h_prior,28.6,30.051492701483863,1.574376128909734,,,unavailable,False,,,,
2026-05-15,6h_prior,27.9,29.32066818482409,1.5493573216163083,,,unavailable,False,,,,
2026-05-15,event_day_open,27.3,28.808022174221698,1.4435903908724497,,,unavailable,False,,,,
2026-05-16,12h_prior,24.5,26.051481774295585,1.5484429942364648,,,unavailable,False,,,,
2026-05-16,24h_prior,25.4,26.85672968884767,1.5743327761447925,,,unavailable,False,,,,
2026-05-16,6h_prior,25.4,26.92905225467752,1.5465511472074909,,,unavailable,False,,,,
2026-05-16,event_day_open,24.9,26.45318371912085,1.4417212339713146,,,unavailable,False,,,,
2026-05-19,12h_prior,26.9,28.34363734491596,1.551952288008965,,,unavailable,False,,,,
2026-05-19,24h_prior,27.0,28.45306061086641,1.574372531243993,,,unavailable,False,,,,
2026-05-19,6h_prior,27.1,28.565759192093843,1.549885697450765,,,unavailable,False,,,,
2026-05-19,event_day_open,27.2,28.721508149707333,1.4448175457710566,,,unavailable,False,,,,
2026-05-20,12h_prior,28.6,30.029572868469597,1.5541489884488022,,,unavailable,False,,,,
2026-05-20,24h_prior,27.9,29.35410080725896,1.5743809010802272,,,unavailable,False,,,,
2026-05-20,6h_prior,27.8,29.25672002466488,1.551062858924024,,,unavailable,False,,,,
2026-05-20,event_day_open,28.6,30.115359056837896,1.446414455901489,,,unavailable,False,,,,
2026-05-21,12h_prior,27.3,28.745586096531795,1.5530538254837318,,,unavailable,False,,,,
2026-05-21,24h_prior,26.5,27.954672664566765,1.5743794029428926,,,unavailable,False,,,,
2026-05-21,6h_prior,28.8,30.253593942574973,1.552617562318808,,,unavailable,False,,,,
2026-05-21,event_day_open,27.7,29.22395192035126,1.4457861707834654,,,unavailable,False,,,,
2026-05-22,12h_prior,29.0,30.441607627921503,1.5550356709720687,,,unavailable,False,,,,
2026-05-22,24h_prior,29.2,30.657417529394607,1.574390805900497,,,unavailable,False,,,,
2026-05-22,6h_prior,29.2,30.658619565820302,1.5533694734997407,,,unavailable,False,,,,
2026-05-22,event_day_open,29.2,30.717664506602368,1.4473270769059146,,,unavailable,False,,,,
2026-05-23,12h_prior,29.1,30.547343683966744,1.55531905519721,,,unavailable,False,,,,
2026-05-23,24h_prior,29.7,31.158661107364612,1.5743948716563223,,,unavailable,False,,,,
2026-05-23,6h_prior,29.2,30.66455905849149,1.5535481222479064,,,unavailable,False,,,,
2026-05-23,event_day_open,28.6,30.12500507567546,1.4469193357046009,,,unavailable,False,,,,
2026-05-24,12h_prior,29.7,31.15478741317697,1.5561560628462658,,,unavailable,False,,,,
2026-05-24,24h_prior,29.6,31.059093525048358,1.5743944077359435,,,unavailable,False,,,,
2026-05-24,6h_prior,30.1,31.56928327172804,1.5549431589740073,,,unavailable,False,,,,
2026-05-24,event_day_open,29.9,31.416972134199742,1.4482361084256277,,,unavailable,False,,,,
2026-05-25,12h_prior,29.8,31.260057315142657,1.556384235424347,,,unavailable,False,,,,
2026-05-25,24h_prior,29.7,31.159721196115683,1.5743953708744811,,,unavailable,False,,,,
2026-05-25,6h_prior,30.0,31.47455162747644,1.554905163296726,,,unavailable,False,,,,
2026-05-25,event_day_open,30.1,31.61733704307287,1.4485147608149245,,,unavailable,False,,,,
2026-05-26,12h_prior,30.3,31.76619588466199,1.5570799641871975,,,unavailable,False,,,,
2026-05-26,24h_prior,30.1,31.560475312671883,1.574398639953435,,,unavailable,False,,,,
2026-05-26,6h_prior,30.1,31.57935983929171,1.5551446701502143,,,unavailable,False,,,,
2026-05-26,event_day_open,30.3,31.817230336048222,1.4487813649453698,,,unavailable,False,,,,
2026-05-27,12h_prior,31.1,32.57054915046442,1.5582139423232697,,,unavailable,False,,,,
2026-05-27,24h_prior,30.8,32.26070741956556,1.5744058559116454,,,unavailable,False,,,,
2026-05-27,6h_prior,30.8,32.28172062708084,1.5562377144200443,,,unavailable,False,,,,
2026-05-27,event_day_open,30.8,32.31122736947008,1.4493581303447791,,,unavailable,False,,,,
2026-05-28,12h_prior,31.6,33.07202527258289,1.5589877878670209,,,unavailable,False,,,,
2026-05-28,24h_prior,31.2,32.66052092333233,1.5744108086907926,,,unavailable,False,,,,
2026-05-28,6h_prior,31.4,32.88179028211528,1.557248579194487,,,unavailable,False,,,,
2026-05-28,event_day_open,31.8,33.2906154552957,1.450596373625042,,,unavailable,False,,,,
2026-05-29,12h_prior,34.6,36.03608159881527,1.5647719541271208,,,unavailable,False,,,,
2026-05-29,24h_prior,33.7,35.15232042756687,1.574454825460484,,,unavailable,False,,,,
2026-05-29,6h_prior,33.7,35.15319996905932,1.561952518540334,,,unavailable,False,,,,
2026-05-29,event_day_open,33.0,34.45733299462737,1.452365141538147,,,unavailable,False,,,,
2026-05-30,12h_prior,29.2,30.680089450445788,1.5563377104235017,,,unavailable,False,,,,
2026-05-30,24h_prior,29.8,31.26206456845778,1.5743967277191848,,,unavailable,False,,,,
2026-05-30,6h_prior,29.7,31.198653189347077,1.5550499838461431,,,unavailable,False,,,,
2026-05-30,event_day_open,30.3,31.826850890261667,1.4489855212111729,,,unavailable,False,,,,
2026-05-31,12h_prior,28.5,29.98293652655635,1.5560323220773162,,,unavailable,False,,,,
2026-05-31,24h_prior,30.2,31.66250907474446,1.5743993716555955,,,unavailable,False,,,,
2026-05-31,6h_prior,28.3,29.80904549234339,1.5541048160351745,,,unavailable,False,,,,
2026-05-31,event_day_open,29.1,30.642968057061324,1.44819483566651,,,unavailable,False,,,,
2026-06-01,12h_prior,30.0,31.488539463815727,1.5571585415717548,,,unavailable,False,,,,
2026-06-01,24h_prior,29.2,30.66227431089345,1.574394931655229,,,unavailable,False,,,,
2026-06-01,6h_prior,29.4,30.90801803010724,1.5549699774005794,,,unavailable,False,,,,
2026-06-01,event_day_open,29.5,31.04158642453837,1.448502842905932,,,unavailable,False,,,,
2026-06-02,12h_prior,30.7,32.19029164217604,1.5578966148403646,,,unavailable,False,,,,
2026-06-02,24h_prior,31.2,32.661815268272946,1.5744090189130426,,,unavailable,False,,,,
2026-06-02,6h_prior,30.9,32.40200090540375,1.5566306462408075,,,unavailable,False,,,,
2026-06-02,event_day_open,31.6,33.103335367675335,1.450354680899739,,,unavailable,False,,,,
2026-06-03,12h_prior,31.5,32.98715355906718,1.5588740980118434,,,unavailable,False,,,,
2026-06-03,24h_prior,31.1,32.562234089323674,1.574407453444657,,,unavailable,False,,,,
2026-06-03,6h_prior,31.3,32.80010369629445,1.5571989673295867,,,unavailable,False,,,,
2026-06-03,event_day_open,31.4,32.90990464993648,1.450136700462234,,,unavailable,False,,,,
2026-06-04,12h_prior,32.4,33.87703150807057,1.560178474178514,,,unavailable,False,,,,
2026-06-04,24h_prior,33.2,34.65431702784698,1.5744401411093578,,,unavailable,False,,,,
2026-06-04,6h_prior,33.1,34.57002228104018,1.560322713242624,,,unavailable,False,,,,
2026-06-04,event_day_open,33.3,34.75009101410684,1.4526393938496578,,,unavailable,False,,,,
2026-06-05,12h_prior,33.2,34.66340642720381,1.5615190748826515,,,unavailable,False,,,,
2026-06-05,24h_prior,33.9,35.35099189151034,1.5744523138784623,,,unavailable,False,,,,
2026-06-05,6h_prior,32.9,34.37491764060364,1.559878611160178,,,unavailable,False,,,,
2026-06-05,event_day_open,33.5,34.943022603612604,1.452917922669139,,,unavailable,False,,,,
2026-06-06,12h_prior,30.1,31.60230826325781,1.557501460186471,,,unavailable,False,,,,
2026-06-06,24h_prior,30.5,31.963820585265537,1.5744008857802292,,,unavailable,False,,,,
2026-06-06,6h_prior,31.4,32.904743325133616,1.5573648077250133,,,unavailable,False,,,,
2026-06-06,event_day_open,30.1,31.641793988854435,1.449112621432259,,,unavailable,False,,,,
2026-06-07,12h_prior,28.7,30.20521399316796,1.556886067226358,,,unavailable,False,,,,
2026-06-07,24h_prior,28.2,29.662410049164915,1.5743997222443262,,,unavailable,False,,,,
2026-06-07,6h_prior,28.5,30.03323091401485,1.5551322127609322,,,unavailable,False,,,,
2026-06-07,event_day_open,27.0,28.55826303424168,1.4486376739237503,,,unavailable,False,,,,
2026-06-08,12h_prior,27.8,29.30710136488172,1.5569447308603146,,,unavailable,False,,,,
2026-06-08,24h_prior,28.1,29.56243217988209,1.5744009275671185,,,unavailable,False,,,,
2026-06-08,6h_prior,27.2,28.744835036760172,1.5553278141729592,,,unavailable,False,,,,
2026-06-08,event_day_open,27.4,28.95989395023339,1.448658683497182,,,unavailable,False,,,,
2026-06-09,12h_prior,27.6,29.109428606052813,1.5571039496693762,,,unavailable,False,,,,
2026-06-09,24h_prior,26.2,27.65911451687208,1.5744260875810228,,,unavailable,False,,,,
2026-06-09,6h_prior,27.1,28.64813455824196,1.555524709707785,,,unavailable,False,,,,
2026-06-09,event_day_open,29.8,31.349454473791752,1.4490580022132178,,,unavailable,False,,,,
2026-06-10,12h_prior,28.0,29.511483578826013,1.557139171915706,,,unavailable,False,,,,
2026-06-10,24h_prior,29.4,30.86477022450464,1.5743965495809662,,,unavailable,False,,,,
2026-06-10,6h_prior,27.9,29.44469801188868,1.5554425995606689,,,unavailable,False,,,,
2026-06-10,event_day_open,28.3,29.86188454464096,1.4487573037969983,,,unavailable,False,,,,
2026-06-11,12h_prior,26.8,28.31509754471907,1.5577212576538606,,,unavailable,False,,,,
2026-06-11,24h_prior,27.2,28.66104215360791,1.5744123657451343,,,unavailable,False,,,,
2026-06-11,6h_prior,27.8,29.347646915124358,1.5555763087034602,,,unavailable,False,,,,
2026-06-11,event_day_open,28.6,30.16184347960556,1.4488373570033086,,,unavailable,False,,,,
2026-06-12,12h_prior,28.3,29.815686278746547,1.5572899346274802,,,unavailable,False,,,,
2026-06-12,24h_prior,27.4,28.86161250077232,1.5744103588588916,,,unavailable,False,,,,
2026-06-12,6h_prior,28.1,29.6483125364955,1.555636838464031,,,unavailable,False,,,,
2026-06-12,event_day_open,27.7,29.263632431402776,1.448973995438885,,,unavailable,False,,,,
2026-06-13,12h_prior,29.3,30.81755476192388,1.5574383572340396,,,unavailable,False,,,,
2026-06-13,24h_prior,29.6,31.065119985286724,1.5743967328498305,,,unavailable,False,,,,
2026-06-13,6h_prior,29.1,30.64471702428404,1.5557890941792507,,,unavailable,False,,,,
2026-06-13,event_day_open,29.4,30.957130266729664,1.4490641929899135,,,unavailable,False,,,,
2026-06-14,12h_prior,27.6,29.118319463522997,1.5576455820525863,,,unavailable,False,,,,
2026-06-14,24h_prior,28.6,30.06429810565591,1.5743996751345204,,,unavailable,False,,,,
2026-06-14,6h_prior,27.8,29.35394739290082,1.5559014575662906,,,unavailable,False,,,,
2026-06-14,event_day_open,27.6,29.16463628518403,1.4491592387347203,,,unavailable,False,,,,
2026-06-15,12h_prior,28.6,30.12090092094176,1.5574853210617732,,,unavailable,False,,,,
2026-06-15,24h_prior,28.4,29.864042278595523,1.5744013014353635,,,unavailable,False,,,,
2026-06-15,6h_prior,27.4,28.95779953887424,1.5561702204769865,,,unavailable,False,,,,
2026-06-15,event_day_open,27.8,29.365370253335445,1.4491741171334398,,,unavailable,False,,,,
2026-06-16,12h_prior,26.5,28.021912145145237,1.5585998094455844,,,unavailable,False,,,,
2026-06-16,24h_prior,26.4,27.859924580682836,1.5744287028054094,,,unavailable,False,,,,
2026-06-16,6h_prior,27.6,29.15846560020892,1.5561758423808658,,,unavailable,False,,,,
2026-06-16,event_day_open,26.2,27.760236297274588,1.4501393340444328,,,unavailable,False,,,,
2026-06-17,12h_prior,27.0,28.52201151426692,1.5582886379385952,,,unavailable,False,,,,
2026-06-17,24h_prior,26.5,27.960175523186187,1.5744275092921172,,,unavailable,False,,,,
2026-06-17,6h_prior,26.4,27.966986061333845,1.5571761221776863,,,unavailable,False,,,,
2026-06-17,event_day_open,27.1,28.66434940862215,1.4496049327159717,,,unavailable,False,,,,
2026-06-18,12h_prior,28.2,29.724489569570515,1.5577456383520598,,,unavailable,False,,,,
2026-06-18,24h_prior,26.1,27.55947835474621,1.5744355352245216,,,unavailable,False,,,,
2026-06-18,6h_prior,27.4,28.962412718760987,1.5564721690440153,,,unavailable,False,,,,
2026-06-18,event_day_open,27.6,29.166059845025032,1.449437989024198,,,unavailable,False,,,,
2026-06-19,12h_prior,29.5,31.02364204462967,1.5577243396239948,,,unavailable,False,,,,
2026-06-19,24h_prior,29.7,31.16502126466185,1.5743966573473225,,,unavailable,False,,,,
2026-06-19,6h_prior,29.6,31.148706476389403,1.5562162534125614,,,unavailable,False,,,,
2026-06-19,event_day_open,29.6,31.155179480224437,1.449287805575905,,,unavailable,False,,,,
2026-06-20,12h_prior,30.0,31.52048486037051,1.55787833141116,,,unavailable,False,,,,
2026-06-20,24h_prior,30.1,31.56450215552477,1.57439686685972,,,unavailable,False,,,,
2026-06-20,6h_prior,30.4,31.93671764801695,1.5565819101387273,,,unavailable,False,,,,
2026-06-20,event_day_open,29.9,31.44982720789613,1.4493746684787032,,,unavailable,False,,,,
2026-06-21,12h_prior,30.4,31.91605283621396,1.558053137920538,,,unavailable,False,,,,
2026-06-21,24h_prior,30.2,31.66421028219402,1.574396932559846,,,unavailable,False,,,,
2026-06-21,6h_prior,30.6,32.13297593030693,1.556715612597546,,,unavailable,False,,,,
2026-06-21,event_day_open,30.4,31.93839854356048,1.4495462660246476,,,unavailable,False,,,,
2026-06-22,12h_prior,30.3,31.81756623389242,1.558023334283947,,,unavailable,False,,,,
2026-06-22,24h_prior,30.5,31.96338978724412,1.5743976123219348,,,unavailable,False,,,,
2026-06-22,6h_prior,31.0,32.52366893134885,1.5570008879075927,,,unavailable,False,,,,
2026-06-22,event_day_open,30.8,32.32674294274959,1.4497240644812974,,,unavailable,False,,,,
2026-06-23,12h_prior,30.6,32.113043267525555,1.5581688383651615,,,unavailable,False,,,,
2026-06-23,24h_prior,30.6,32.0629442732383,1.5743977863303522,,,unavailable,False,,,,
2026-06-23,6h_prior,30.5,32.035592529694114,1.556682890307196,,,unavailable,False,,,,
2026-06-23,event_day_open,30.8,32.32591144954914,1.4497264174632385,,,unavailable,False,,,,
2026-06-24,12h_prior,31.1,32.60317846499721,1.558462122115622,,,unavailable,False,,,,
2026-06-24,24h_prior,31.5,32.95926022333088,1.5744029743820738,,,unavailable,False,,,,
2026-06-24,event_day_open,31.3,32.80850780643715,1.4499934794060805,,,unavailable,False,,,,
2026-06-25,12h_prior,32.0,33.480019627293764,1.5592058797185695,,,unavailable,False,,,,
2026-06-25,24h_prior,31.2,32.66037722602471,1.5744004376887328,,,unavailable,False,,,,
2026-06-25,6h_prior,32.1,33.589512666129735,1.5580531896941887,,,unavailable,False,,,,
2026-06-25,event_day_open,31.7,33.192438734742005,1.450252927286364,,,unavailable,False,,,,
2026-06-26,12h_prior,30.1,31.620780222866117,1.5580125447510424,,,unavailable,False,,,,
2026-06-26,24h_prior,30.5,31.962719649129166,1.5743969263969595,,,unavailable,False,,,,
2026-06-26,6h_prior,31.4,32.911244827561674,1.5573282291291743,,,unavailable,False,,,,
2026-06-26,event_day_open,30.0,31.54488335469225,1.4494835881659642,,,unavailable,False,,,,
2026-06-27,12h_prior,29.0,30.531279319133752,1.55796060182304,,,unavailable,False,,,,
2026-06-27,24h_prior,27.2,28.662220794648597,1.5744185053653217,,,unavailable,False,,,,
2026-06-27,6h_prior,28.8,30.36470599394793,1.5564724377541004,,,unavailable,False,,,,
2026-06-27,event_day_open,29.2,30.75871017096396,1.4494352280742289,,,unavailable,False,,,,
2026-06-28,12h_prior,28.9,30.432338577163563,1.5580046461832529,,,unavailable,False,,,,
2026-06-28,24h_prior,29.4,30.864472209184065,1.5743969756429097,,,unavailable,False,,,,
2026-06-28,6h_prior,29.6,31.154926931956847,1.5564805994434678,,,unavailable,False,,,,
2026-06-28,event_day_open,28.7,30.26386259217888,1.4495151861374007,,,unavailable,False,,,,
2026-06-29,12h_prior,29.4,30.929641009291387,1.5579770009327754,,,unavailable,False,,,,
2026-06-29,24h_prior,29.5,30.964321877104616,1.5743966349542675,,,unavailable,False,,,,
2026-06-29,6h_prior,30.2,31.74336973418921,1.5566369084915317,,,unavailable,False,,,,
2026-06-29,event_day_open,30.0,31.543287961829176,1.449516315325547,,,unavailable,False,,,,
2026-06-30,12h_prior,29.1,30.63247688924594,1.5580213184955956,,,unavailable,False,,,,
2026-06-30,24h_prior,29.2,30.66449186808238,1.5743977030499248,,,unavailable,False,,,,
2026-06-30,6h_prior,28.9,30.466017790318077,1.556552770003227,,,unavailable,False,,,,
2026-06-30,event_day_open,29.2,30.75809181172902,1.4494902263999294,,,unavailable,False,,,,
